sample_id,user_id,total_asset,cash_available,risk_preference,current_stock_position_value,action,market,stock_code,trade_time,volume_lot,volume_share,estimated_price,estimated_amount,volatility_20d,return_5d,abs_return_5d,avg_volume_20d,turnover_rate,estimated_amount_ratio,current_position_ratio,holding_ratio_after_trade,trade_volume_to_avg_volume,concentration_risk,volatility_risk,liquidity_risk,overall_risk_level,risk_preference_code,trade_hour
S000057,U0130,728759.0,264292.04,conservative,26499.8,buy,SZSE,537874,2026-01-05 11:47:00,51,5100,42.8906,218742.06,1.5871914686219761,0.068272,0.7743473264134076,85325.91,1.9197125720418462,1.495433989916228,0.6294250095253543,1.563047287443701,0.5827978731680734,1,1,0,medium_high,0.0,11
S000486,U0113,1484363.0,85761.74,moderate,89189.77,buy,SZSE,981852,2026-01-05 09:53:00,15,1500,43.6989,65548.35,1.9220026780508208,-0.121083,1.3736857109722431,20057.72,1.3175977539918051,0.17840829144031425,1.051290905129479,0.3833630446751273,0.7431139975407229,0,1,0,medium,1.5707963267948966,9
S000151,U0017,719518.0,193067.18,conservative,23783.03,buy,SZSE,504664,2026-01-05 10:19:00,20,2000,76.0255,152051.0,0.12573353890371974,-0.084518,0.9587189799617752,31249.11,3.141592653589793,1.0384141445566313,0.5705852399470837,1.09507128475646,0.6279774680236341,1,0,0,medium,0.0,10
S000112,U0068,1964438.0,405332.19,moderate,254215.42,buy,SZSE,876748,2026-01-05 11:58:00,86,8600,37.1868,319806.48,0.5215389396456785,-0.021732,0.24617689946886562,1373963.2,0.3233604265735686,0.7887662557677801,2.284036012340824,1.3379878097401339,0.01138908071025651,0,0,0,low,1.5707963267948966,11
S000293,U0117,991547.0,98520.12,moderate,53500.54,buy,SZSE,52346,2026-01-05 10:56:00,55,5500,13.1773,72475.15,0.43846561163203035,-0.133555,1.5152272142995387,271727.77,2.7666939928006324,0.32726318325840953,0.9422898856665083,0.49918176379775714,0.16068762002498338,0,0,0,low,1.5707963267948966,10
S000130,U0161,1123813.0,231333.42,aggressive,193326.76,buy,SZSE,995495,2026-01-05 11:05:00,23,2300,73.2875,168561.25,1.2238018359064275,-0.242914,2.756314230204742,76806.42,1.1675956299892576,0.7228759407408532,3.0419158457862014,1.4893947697804264,0.26431515229902713,0,1,0,medium,3.141592653589793,11
S000150,U0074,1748546.0,135025.9,conservative,184872.64,buy,SZSE,308323,2026-01-05 11:06:00,39,3900,27.7394,108183.66,0.20549384405651017,0.025567,0.2896993229182064,107226.98,3.1310877056948407,0.26952769805729365,1.8629516689784311,0.7051305334816145,0.3329337842842974,0,0,0,low,0.0,11
S000321,U0183,1617485.0,261290.72,moderate,92512.48,buy,SZSE,178652,2026-01-05 12:16:00,27,2700,73.1134,197406.18,1.1771314269099964,0.099342,1.1269527231724734,34048.16,0.34221067571501923,0.5791061520054833,0.9998814834166295,0.7642502566758839,0.7913287727417679,0,0,0,low,1.5707963267948966,12
S000420,U0071,464386.0,142820.57,aggressive,20313.81,buy,SZSE,741796,2026-01-05 12:16:00,136,13600,7.5527,102716.72,2.4258356711722975,0.004484,0.05043380699057896,52743.83,0.06953528961938217,1.0891655229621306,0.7606699482742227,1.1994621579320268,2.697933623747466,0,1,1,medium_high,3.141592653589793,12
S000484,U0131,1514581.0,479445.52,moderate,71284.92,buy,SZSE,194495,2026-01-05 09:31:00,188,18800,18.478,347386.4,1.184224176721676,-0.121553,1.379019619452345,304237.3,2.897632569227314,1.1312137517116283,0.8197512077146712,1.2578462112262336,0.6044003613686392,0,0,0,low,1.5707963267948966,9
S000555,U0048,964662.0,278438.85,moderate,132305.03,buy,SZSE,951287,2026-01-05 10:16:00,70,7000,35.2007,246404.9,2.9106547939618945,0.109061,1.2372511412961091,85374.15,1.5881934803518931,1.2653352104644566,2.421727378920187,1.847783179937988,0.8200809772107073,1,1,0,medium_high,1.5707963267948966,10
S000425,U0039,733505.0,184537.0,moderate,55706.44,buy,SZSE,13841,2026-01-05 10:07:00,42,4200,31.5907,132680.94,0.5390893181398922,0.262657,2.980372432593356,772701.22,3.0877614612042366,0.8818245373557099,1.33331354253258,1.1583243706809125,0.002592460893177266,0,1,0,medium,1.5707963267948966,10
S000362,U0010,1331127.0,30134.69,moderate,153016.05,buy,SZSE,316121,2026-01-05 10:35:00,4,400,51.9987,20799.48,0.1985854711692605,0.084739,0.9612270518215678,8185.31,1.5012743683276655,0.031611168112363454,2.026960273535185,0.5171003158240826,0.466375043959115,0,0,0,low,1.5707963267948966,10
S000206,U0129,1200106.0,72300.85,moderate,19073.09,buy,SZSE,519580,2026-01-05 10:31:00,22,2200,28.807,63375.4,0.921337253157332,0.028359,0.3213850090383001,82664.39,2.2629097530160363,0.2229042038603855,0.2654105177749166,0.20283838680366126,0.2287377429981737,0,0,0,low,1.5707963267948966,10
S000573,U0164,831838.0,170358.69,moderate,95321.26,buy,SZSE,490257,2026-01-05 12:23:00,20,2000,59.1902,118380.4,1.4622415316470851,0.033155,0.3758135730182318,29189.93,1.8396989968318131,0.683371806936256,2.020538385911598,1.1586860348409642,0.6761891465377238,0,1,0,medium,1.5707963267948966,12
S000450,U0111,553193.0,8903.38,moderate,58402.15,buy,SZSE,47766,2026-01-05 12:11:00,2,200,43.2376,8647.52,0.29946269594821406,-0.133859,1.5186772316994344,2489.92,1.8648682120928166,0.03164481430948716,1.860168133770279,0.4694969627491793,0.8022689406258066,0,0,0,low,1.5707963267948966,12
S000278,U0197,548121.0,260983.75,moderate,5393.82,buy,SZSE,578998,2026-01-05 09:53:00,205,20500,11.0491,226506.55,1.8285351009224118,0.175196,1.9878001568951051,321697.1,1.9927406235247787,2.0772197476972294,0.1577842833815317,2.0026848386426517,0.6250165013827694,1,1,0,medium_high,1.5707963267948966,9
S000309,U0021,1164345.0,249317.17,moderate,82929.82,buy,SZSE,358839,2026-01-05 11:25:00,33,3300,64.3026,212198.58,0.07213170990448481,0.051715,0.5864462142750152,15198.18,1.930830752935743,0.8888262389516571,1.2493590051153922,1.141258657381674,2.2631283422574295,0,0,1,medium,1.5707963267948966,11
S000582,U0174,791068.0,199593.17,moderate,49509.35,buy,SZSE,860309,2026-01-05 11:03:00,27,2700,71.8215,193918.05,0.0,-0.047972,0.5439678750388007,49863.88,2.2177438095286,1.212361279517762,1.0957339311495302,1.416777218028334,0.5227496960698327,1,0,0,medium,1.5707963267948966,11
S000587,U0180,721102.0,303895.62,moderate,34175.17,buy,SZSE,987856,2026-01-05 12:16:00,40,4000,65.1135,260454.0,0.7443008350308683,0.100406,1.139027784072108,69674.5,3.050834169746091,1.8094236455157615,0.8255697263379861,1.9290385171635538,0.5575863564945033,1,0,0,medium,1.5707963267948966,12
S000382,U0129,870431.0,76623.3,conservative,67418.25,buy,SZSE,59174,2026-01-05 10:23:00,10,1000,64.5888,64588.8,0.7178946023851095,0.119489,1.3555958171056854,14591.05,0.5264205361369177,0.3329749596242605,1.3601354551998535,0.62415915417191,0.6763853056389993,0,0,0,low,0.0,10
S000279,U0140,1651348.0,848688.39,aggressive,13125.44,buy,SZSE,277821,2026-01-05 09:39:00,140,14000,50.6505,709107.0,1.3220516895122487,0.228503,2.5927675172116653,184072.13,2.1896150784900845,2.1604046710668086,0.12413503619393651,2.075194820574355,0.756706851540105,1,1,0,medium_high,3.141592653589793,9
S000327,U0064,1229036.0,118534.0,conservative,120824.87,buy,SZSE,458741,2026-01-05 09:33:00,13,1300,79.18,102934.0,0.928741139028988,-0.074556,0.8456628176665125,25927.13,3.0247317738345205,0.38209933346701125,1.7309909741947571,0.7785729395552062,0.4799633063192186,0,0,0,low,0.0,9
S000059,U0031,369997.0,69860.32,moderate,35836.89,buy,SZSE,352571,2026-01-05 11:23:00,28,2800,21.7834,60993.52,0.6650821370935921,-0.141509,1.6054951037691751,10521.93,0.03154150598915993,0.7993166536713723,1.7051809004934573,1.1830794469673442,2.78614552801082,0,0,1,medium,1.5707963267948966,11
S000333,U0068,636831.0,210144.03,moderate,15348.25,buy,SZSE,969453,2026-01-05 11:42:00,70,7000,20.5006,143504.2,0.6612736012483277,-0.215448,2.4446096976207543,75127.74,0.08417289468113097,1.110530652348553,0.41137371235801157,1.120793270504914,0.9394914686377319,0,1,0,medium,1.5707963267948966,11
S000148,U0133,1543032.0,211314.02,moderate,45631.25,buy,SZSE,366602,2026-01-05 10:00:00,47,4700,34.0266,159925.02,0.07674113301524343,0.083253,0.9443628220312886,24548.6,2.04955799399215,0.48443491082699885,0.5086718983674263,0.5304988022814897,1.9889727730727507,0,0,1,medium,1.5707963267948966,10
S000311,U0072,832585.0,104826.46,aggressive,64883.21,buy,SSE,690215,2026-01-05 10:16:00,28,2800,30.6042,85691.76,0.6326894161827353,0.103148,1.1701460331198505,127425.24,2.1055488330261616,0.4807265236999777,1.3685993369967757,0.7724371935678693,0.17919107205939902,0,0,0,low,3.141592653589793,10
S000126,U0077,482366.0,236053.98,moderate,40115.92,buy,SZSE,224414,2026-01-05 10:24:00,65,6500,27.4098,178163.7,0.3638505750266242,-0.020194,0.2287225351233412,186284.17,1.3295691286233629,1.8514295335615394,1.4616933232111904,2.15218672599041,0.31714591314511165,1,0,0,medium,1.5707963267948966,10
S000380,U0189,1839605.0,140824.12,conservative,95148.95,buy,SZSE,551108,2026-01-05 11:59:00,21,2100,49.7433,104460.93,0.6106678972710858,0.066482,0.7540330792232329,44189.69,2.6796149069505932,0.24336078303089842,0.90256053547617,0.40500626521791094,0.45200630970395284,0,0,0,low,0.0,11
S000576,U0011,552700.0,148696.66,aggressive,59565.94,buy,SSE,687376,2026-01-05 11:28:00,57,5700,25.6406,146151.42,0.04465378638547468,0.060934,0.6910702616751384,28025.84,1.590619750043367,1.3116394259161817,1.8992868240293073,1.7442833383624694,2.116329576791837,0,0,1,medium,3.141592653589793,11
S000502,U0110,1215191.0,24944.72,conservative,111931.63,buy,SZSE,574039,2026-01-05 11:10:00,12,1200,15.4212,18505.44,0.4042925010446433,-0.071859,0.8150552619838862,13168.57,0.4138522873742523,0.029568473530104715,1.6207675679036486,0.39907326650299724,0.9176166855497124,0,0,0,low,0.0,11
S000160,U0038,1659611.0,593907.52,aggressive,126366.14,buy,SZSE,348276,2026-01-05 11:40:00,201,20100,20.025,402502.5,0.7495728627137984,-0.069649,0.7899745433859611,283350.98,1.9226454255150565,1.1989528583896836,1.336807143292777,1.472392034090858,0.7020302517040107,0,0,0,low,3.141592653589793,11
S000506,U0161,389329.0,8927.32,moderate,51259.94,buy,SZSE,452963,2026-01-05 10:48:00,1,100,66.2033,6620.33,0.2786511506031386,0.093598,1.061765552300762,3603.75,2.7020645671728016,0.038705628260931595,2.324110348048559,0.6089714941391208,0.24085977747607037,0,0,0,low,1.5707963267948966,10
S000530,U0165,659592.0,171571.22,moderate,87167.53,buy,SZSE,76538,2026-01-05 11:52:00,353,35300,4.6591,164466.23,0.05103783739387535,0.061443,0.696846771071674,572460.36,2.2137444638833137,1.234025057488746,2.3328496847766402,1.7914898309196585,0.6030099489256842,1,0,0,medium,1.5707963267948966,11
S000145,U0043,305118.0,138373.21,moderate,49431.31,buy,SZSE,196920,2026-01-05 09:43:00,31,3100,37.1863,115277.53,3.0562722318096496,0.218349,2.4775323965585736,30865.37,1.7220915725560868,1.8949492432439614,2.8637269138437396,2.595576879323011,1.0170319760883102,1,1,1,high,1.5707963267948966,9
S000137,U0124,868435.0,329167.37,moderate,62634.54,buy,SSE,654531,2026-01-05 11:24:00,81,8100,37.0092,299774.52,0.7455569028285499,0.045975,0.5213044383690919,117535.36,0.8575663555666441,1.7271114139532306,1.2653460607777776,1.9733818647468986,0.6804460232782507,1,0,0,medium,1.5707963267948966,11
S000101,U0012,1311564.0,640932.36,moderate,18871.16,buy,SSE,602291,2026-01-05 11:08:00,114,11400,53.2646,607216.44,1.2911512693335006,-0.125302,1.4215660511372414,42814.94,2.429495830294372,2.333061417776782,0.23865546828008696,2.278349568289821,2.787760396866884,1,0,1,medium_high,1.5707963267948966,11
S000029,U0163,255376.0,104564.32,moderate,32953.88,buy,SZSE,549291,2026-01-05 11:34:00,14,1400,62.7172,87804.08,1.0315543215144602,-0.11269,1.2784357240073627,43458.21,0.8222921269752168,1.7200806963707729,2.2774900010620085,2.2555141917536528,0.28854886337086644,1,0,0,medium,1.5707963267948966,11
S000577,U0101,1055312.0,209114.12,moderate,48225.32,buy,SZSE,930656,2026-01-05 09:56:00,45,4500,43.3414,195036.3,2.6449618840788762,0.188758,2.141711788399658,23515.36,2.7441376833612163,0.9020310851531016,0.7954229712899021,1.0246482995478063,1.9879835417639775,0,1,1,medium_high,1.5707963267948966,9
S000217,U0127,1207130.0,209722.17,aggressive,90340.51,buy,SZSE,557888,2026-01-05 11:34:00,40,4000,47.088,188352.0,2.688434505792219,-0.21697,2.4618824821031264,51817.58,0.861459051994723,0.7539622487568004,1.3136374535926683,1.0264788656650283,0.7688452237112491,0,1,0,medium,3.141592653589793,11
S000064,U0096,1773803.0,399706.18,conservative,163495.38,buy,SZSE,718622,2026-01-05 12:25:00,54,5400,52.5315,283670.1,0.38467364392947656,-0.204647,2.3220319412514376,80266.9,0.8845486075201775,0.7739703663060176,1.6218684984903522,1.1342631146571496,0.6629350060218724,1,1,0,medium_high,0.0,12
S000060,U0109,1607908.0,282773.55,conservative,52206.6,buy,SZSE,941586,2026-01-05 12:06:00,43,4300,63.2294,271886.42,0.334995586353275,0.049263,0.55861910024691,47682.15,1.4697861869471092,0.8211536529660803,0.5601741460803177,0.877617673918878,0.9075193504290747,1,0,0,medium,0.0,12
S000166,U0108,891848.0,190031.25,moderate,112623.52,buy,SSE,651278,2026-01-05 11:29:00,68,6800,20.558,139794.4,2.360157153622875,0.162808,1.84721194784936,79253.21,2.996976315056232,0.7576354977299447,2.228417767315731,1.2913706149289186,0.8607533975939013,0,1,0,medium,1.5707963267948966,11
S000476,U0065,1013980.0,43699.61,moderate,82982.8,buy,SZSE,533990,2026-01-05 12:18:00,13,1300,33.4762,43519.06,0.005606210858460248,0.051288,0.5816003016771355,5612.9,1.9799160551555597,0.17202786121511016,1.4381098287177916,0.4875416223600305,2.417730972415138,0,0,1,medium,1.5707963267948966,12
S000049,U0150,1303510.0,39932.26,moderate,157084.2,buy,SZSE,426160,2026-01-05 11:41:00,7,700,41.8546,29298.22,1.3964189696254516,-0.055607,0.6306155159868364,2636.36,2.1100014378445806,0.0668570515562111,2.125767860097005,0.5801150518112901,2.7798105607586314,0,0,1,medium,1.5707963267948966,11
S000535,U0002,722188.0,566269.96,aggressive,15702.87,buy,SZSE,463520,2026-01-05 11:09:00,218,21800,17.7841,387693.38,0.15117179269621928,0.127838,1.4503464594468969,449727.43,1.4067298372730914,2.7130494266508878,0.3694508588908216,2.6908304123729114,0.46216568534600644,1,0,0,medium,3.141592653589793,11
S000386,U0094,324525.0,133008.68,moderate,21463.04,buy,SZSE,567296,2026-01-05 09:40:00,20,2000,53.1549,106309.8,0.7473430542839689,0.009721,0.10986716594864873,64896.62,1.1370406292592683,1.6365470666952233,1.1588863753504364,1.8535711269970798,0.2736355393407968,1,0,0,medium,1.5707963267948966,9
S000229,U0183,1936213.0,165676.7,moderate,301634.02,buy,SZSE,256916,2026-01-05 10:04:00,71,7100,18.1585,128925.35,0.6335191123426721,-0.138702,1.573639186527376,106982.59,0.0,0.2937885097145242,2.753088991448996,0.9833082221198232,0.6532219804306252,0,0,0,low,1.5707963267948966,10
S000367,U0059,400545.0,46108.38,conservative,25843.92,buy,SSE,615965,2026-01-05 09:46:00,11,1100,34.1388,37552.68,1.6107110500446224,-0.161551,1.8329465798504496,23876.3,0.46866998501897994,0.43355712767175486,1.1301693540961006,0.6577747230434324,0.4365056829754536,0,1,0,medium,0.0,9
S000342,U0062,1192922.0,112475.1,conservative,2295.97,buy,SSE,692282,2026-01-05 11:46:00,13,1300,65.8448,85598.24,3.0518644709599863,0.086126,0.9769677562085913,42075.39,2.1034158486820087,0.3203800665009488,0.017017744352505408,0.22812476048909588,0.27447559576416886,0,1,0,medium,0.0,11
S000103,U0173,1529762.0,86098.76,conservative,131190.83,buy,SZSE,282394,2026-01-05 11:51:00,16,1600,50.8175,81308.0,0.37063218877832804,-0.09088,1.0309196730477481,27369.3,2.545476854007682,0.22466666780696704,1.5078232217147611,0.559417257239488,0.5687970039667459,0,0,0,low,0.0,11
S000202,U0081,385504.0,25405.77,moderate,42535.99,buy,SZSE,337445,2026-01-05 11:12:00,34,3400,5.3227,18097.18,2.8382119479974337,-0.189484,2.1499509746901984,56353.14,1.2351312467859963,0.19273601516228206,1.944917382670584,0.6527313846419048,0.5888096103715083,0,1,0,medium,1.5707963267948966,11
S000542,U0059,1470945.0,234748.93,conservative,87150.75,buy,SZSE,752141,2026-01-05 12:21:00,34,3400,51.5973,175430.82,0.5164340035505132,-0.062716,0.7112937189337368,133089.99,1.164769425733255,0.5647981838487992,1.0363873529503411,0.760551642606007,0.2173438570840209,0,0,0,low,0.0,12
S000022,U0027,1686073.0,1200077.02,moderate,51878.47,buy,SZSE,93944,2026-01-05 09:54:00,236,23600,34.4802,813732.72,0.03802197888487058,-0.119924,1.3605325196351414,321429.94,1.7098535748815098,2.434148381674701,0.529946479480473,2.4613369554297746,0.7285672571767823,1,0,0,medium,1.5707963267948966,9
S000027,U0009,693867.0,473441.78,moderate,37835.87,buy,SZSE,99263,2026-01-05 11:01:00,592,59200,5.7865,342560.8,1.081468612025088,0.000464,0.004811866373538586,802919.53,0.9038254535304585,2.4911409753062963,0.9524678475676519,2.6382742766045797,0.7318670440834864,1,0,0,medium,1.5707963267948966,11
S000038,U0039,411646.0,179594.64,conservative,22790.48,buy,SZSE,232179,2026-01-05 09:50:00,22,2200,61.888,136153.6,1.0462814283533342,0.02213,0.2506936985647816,17884.98,2.64607372813879,1.652846591330281,0.967321430195043,1.8149502094434118,1.25806164421769,1,0,1,medium_high,0.0,9
S000447,U0147,1474279.0,525765.76,moderate,42509.04,buy,SZSE,897226,2026-01-05 10:28:00,64,6400,79.2365,507113.6,0.58881923172609,-0.044673,0.5065283770050654,47523.99,1.1283220557525435,1.7208586232006013,0.49553613022356896,1.747347757745285,1.382575796094068,1,0,1,medium_high,1.5707963267948966,10
S000395,U0184,604546.0,11131.25,conservative,9693.74,buy,SZSE,118947,2026-01-05 11:15:00,3,300,25.6495,7694.85,0.7279719536610055,-0.114849,1.3029376567914897,9052.95,1.947414706211531,0.016706211467263997,0.2679340690519172,0.0,0.29841020958904424,0,0,0,low,0.0,11
S000282,U0095,1250822.0,27249.18,conservative,22277.54,buy,SZSE,552846,2026-01-05 09:43:00,14,1400,17.0995,23939.3,0.7326793270128681,0.071193,0.8074970001801676,19977.28,2.6322359922060983,0.04968637851764294,0.2995086017903005,0.041575938733878604,0.6928775128870653,0,0,0,low,0.0,9
S000352,U0077,1731397.0,344386.82,moderate,141230.85,buy,SSE,679368,2026-01-05 10:21:00,71,7100,33.3682,236914.22,0.3188107494556236,0.059889,0.6792108268629973,120373.17,1.2440364564228343,0.6551908017398356,1.4333397815432256,0.9631589422128933,0.5743879120911786,0,0,0,low,1.5707963267948966,10
S000133,U0057,1215973.0,342790.04,aggressive,55818.83,buy,SZSE,971743,2026-01-05 10:58:00,38,3800,73.5688,279561.44,1.1166615574757306,-0.188156,2.1348798460485487,16665.55,0.7466511696706971,1.1340238265328737,0.7991034688432868,1.2547232836124984,2.3793509546373777,0,1,1,medium_high,3.141592653589793,10
S000462,U0075,1179729.0,113166.71,conservative,13217.82,buy,SZSE,772907,2026-01-05 09:47:00,22,2200,45.6473,100424.06,1.2200566796289363,0.057501,0.6521100322875016,34286.97,2.535905086763296,0.3891623081834086,0.1820321417372991,0.34315559924171046,0.6297125737594129,0,0,0,low,0.0,9
S000403,U0057,287650.0,90047.71,aggressive,9759.59,buy,SZSE,39932,2026-01-05 11:15:00,26,2600,28.1058,73075.08,2.319957222318171,0.207638,2.3559760269194894,34224.67,2.6835342656829737,1.2581857537031587,0.5861380406437557,1.3164722712221175,0.7557612941956333,0,1,0,medium,3.141592653589793,11
S000235,U0041,1390089.0,490588.19,aggressive,109759.26,buy,SSE,657302,2026-01-05 10:18:00,69,6900,52.4441,361864.29,1.282865831291912,0.144638,1.6410053157569162,244066.54,1.4557351525800026,1.2904722123100878,1.3868908603498558,1.5770443151349527,0.24643520216572626,0,0,0,low,3.141592653589793,10
S000240,U0089,488905.0,406216.66,aggressive,3000.07,buy,SSE,600928,2026-01-05 10:44:00,84,8400,35.2917,296450.28,1.1437995360403224,-0.144894,1.6439105935673548,280891.59,0.42145104410029677,3.070727691726662,0.09191232190353665,2.964665032998413,0.26388129577835084,1,0,0,medium,3.141592653589793,10
S000069,U0163,907372.0,308739.79,aggressive,47188.14,buy,SZSE,259382,2026-01-05 11:11:00,54,5400,49.0675,264964.5,0.09886636394688508,0.128124,1.453592199500746,29006.54,0.20274016191172622,1.4535366031391563,0.9075894996163699,1.6011311177213483,1.9324632549060117,0,0,1,medium,3.141592653589793,11
S000249,U0045,1551806.0,240893.49,conservative,72807.26,buy,SZSE,566569,2026-01-05 11:48:00,25,2500,75.3345,188336.25,0.16528238919402904,-0.019501,0.2208578573005529,128714.01,1.6303999080618172,0.5756114233748763,0.8171191816100356,0.7086024789450723,0.15195336107624646,0,0,0,low,0.0,11
S000418,U0051,400281.0,63570.98,moderate,60374.74,buy,SZSE,268567,2026-01-05 11:10:00,16,1600,35.5917,56946.72,1.2142257593938268,-0.073576,0.8345410510484281,5805.75,0.5273270544831827,0.6831403992991574,2.664981468581659,1.3425134620324906,2.8873508103919225,0,0,1,medium,1.5707963267948966,11
S000398,U0122,1176712.0,511264.86,moderate,6233.49,buy,SZSE,125325,2026-01-05 10:07:00,145,14500,26.0113,377163.85,0.5085173193577853,-0.049257,0.5585510077982279,103605.29,1.2603804489599055,1.600213495331514,0.07699401003473708,1.5087089868984824,1.4390148379369956,1,0,1,medium_high,1.5707963267948966,10
S000467,U0032,416990.0,17016.42,moderate,39773.63,buy,SZSE,116402,2026-01-05 10:17:00,2,200,66.2432,13248.64,0.5965284918788335,0.076127,0.8634916904797888,1341.92,3.0095342603824315,0.11468028476982434,1.6789593337574893,0.49971570219329453,1.5360341470306178,0,0,1,medium,1.5707963267948966,10
S000164,U0047,237980.0,117094.89,aggressive,14229.66,buy,SZSE,399918,2026-01-05 10:19:00,21,2100,47.4242,99590.82,0.5813922987388799,-0.092554,1.0499174662300679,31580.07,1.9623722589249029,2.104188718095427,1.0460855360236823,2.283011688999262,0.6546281966552835,1,0,0,medium,3.141592653589793,10
S000473,U0055,1668168.0,503142.53,moderate,71575.85,buy,SZSE,709166,2026-01-05 12:06:00,617,61700,5.969,368287.3,2.7798854603096714,-0.15627,1.7730138762687107,1387524.34,0.9166766842039794,1.0870318704647117,0.745794315026132,1.1931073108091104,0.41938741105086147,0,1,0,medium,1.5707963267948966,12
S000256,U0036,1726969.0,324872.26,moderate,214712.68,buy,SZSE,520568,2026-01-05 09:41:00,82,8200,26.7525,219370.5,1.2218082604110245,0.008,0.09033598191831875,204016.41,0.07457446513244324,0.6047326700065154,2.1937081342311053,1.130511325137817,0.3737395757711892,0,0,0,low,1.5707963267948966,9
S000105,U0054,470046.0,95536.86,aggressive,30612.11,buy,SZSE,129145,2026-01-05 11:10:00,12,1200,60.47,72564.0,0.9296226911989206,0.117879,1.3373243433759752,20846.18,1.1587170826567215,0.7454399859954272,1.1409080063768076,0.9687332732830544,0.5592382788117226,0,0,0,low,3.141592653589793,11
S000041,U0001,1472110.0,143946.82,conservative,95747.59,buy,SZSE,259783,2026-01-05 11:36:00,46,4600,28.8547,132731.62,0.34755626433009235,0.138591,1.5723794762267562,66055.4,0.8604192221269485,0.4150889667257553,1.139401273238197,0.6421795877183958,0.6881673452456596,0,0,0,low,0.0,11
S000286,U0037,264136.0,5186.92,conservative,24817.43,buy,SZSE,520427,2026-01-05 10:37:00,5,500,8.9011,4450.55,0.10468576062421786,-0.02637,0.29881236230016744,50176.58,1.4994346693308336,0.03790820309974257,1.6536071660908787,0.41668541214291743,0.05095769236732909,0,0,0,low,0.0,10
S000428,U0165,293756.0,85340.85,moderate,12307.03,buy,SZSE,424575,2026-01-05 10:11:00,109,10900,5.301,57780.9,1.7921091347896412,0.061926,0.7023282131905871,51530.46,1.991167547570966,0.9631655565186972,0.7278082994662932,1.0656892841182497,2.2032679952403775,0,1,1,medium_high,1.5707963267948966,10
S000489,U0129,1189375.0,301523.14,aggressive,105028.64,buy,SZSE,463342,2026-01-05 11:03:00,76,7600,32.4698,246770.48,1.3560865174063133,-0.051366,0.5824855035100035,205720.52,1.6453041361665852,1.01863650860239,1.5531116400800211,1.356160862413281,0.33904045096026003,0,0,0,low,3.141592653589793,11
S000329,U0125,1088683.0,601415.34,moderate,56539.13,buy,SSE,626394,2026-01-05 11:51:00,100,10000,47.0369,470369.0,1.2499660738388716,0.231536,2.627188250020492,142240.5,3.038222899811287,2.1739980433854984,0.906313053202001,2.31200795177824,0.6952677280873653,1,1,0,medium_high,1.5707963267948966,11
S000170,U0157,540370.0,238273.75,aggressive,34281.81,buy,SZSE,220578,2026-01-05 11:03:00,238,23800,8.6591,206086.58,0.9508894170761836,0.126193,1.4316777797665408,1136501.72,0.49607883384134377,1.913303192328165,1.1109543720874318,2.113095812630378,0.1681688953621978,1,0,0,medium,3.141592653589793,11
S000465,U0090,1254532.0,411168.05,moderate,24708.91,buy,SSE,659222,2026-01-05 11:18:00,39,3900,70.4782,274864.98,0.541975969363005,-0.229733,2.606726469191506,63185.55,1.9077945220188923,1.078409955281582,0.33303621490887525,1.0667100800672562,0.603643274799209,0,1,0,medium,1.5707963267948966,11
S000569,U0042,733731.0,282903.29,moderate,112900.82,buy,SZSE,363594,2026-01-05 12:19:00,43,4300,56.479,242859.7,2.1367557007810674,0.206125,2.3388053811101406,290047.51,2.4438401500088,1.6540748318656504,2.7190647058819217,2.3164688488671055,0.10285763182755697,1,1,0,medium_high,1.5707963267948966,12
S000111,U0108,1669799.0,707327.02,moderate,185958.33,buy,SSE,695981,2026-01-05 09:47:00,65,6500,78.0323,507209.95,3.1135385521819376,0.178635,2.026828478731424,608432.71,1.8757730945522981,1.5139454176080702,1.9631813427477893,1.9622488962205995,0.05862871986729073,1,1,0,medium_high,1.5707963267948966,9
S000271,U0057,1986462.0,35539.37,moderate,227149.94,buy,SZSE,380087,2026-01-05 11:06:00,45,4500,7.133,32098.5,0.5943851101323309,0.062244,0.7059371129707411,35394.66,3.008414443601751,0.03435410487971536,2.016232646564828,0.5167443399642594,1.3021582528973463,0,0,1,medium,1.5707963267948966,11
S000475,U0035,467229.0,55518.7,aggressive,73037.93,buy,SSE,664120,2026-01-05 10:24:00,6,600,70.8079,42484.74,0.8671650080481405,-0.13231,1.5010980311979927,6856.31,0.2172711177562674,0.4190244399599692,2.7626191274532963,1.1096633492823085,0.8790100757126675,0,0,0,low,3.141592653589793,10
S000013,U0122,428596.0,5957.29,moderate,28231.26,buy,SZSE,65511,2026-01-05 10:58:00,1,100,56.5668,5656.68,0.25357588888061144,0.118753,1.347243143400675,1420.96,2.3772377138626277,0.01912343864135862,1.1541275313138064,0.2554873129694675,0.6960320758537942,0,0,0,low,1.5707963267948966,10
S000238,U0065,359913.0,101050.95,moderate,28283.94,buy,SZSE,49118,2026-01-05 12:24:00,16,1600,46.221,73953.6,0.4138224833261368,-0.116851,1.3256578371684336,44320.61,0.3088294707290275,1.0083327465841359,1.3802589583468636,1.2966214239235947,0.3300415854503034,0,0,0,low,1.5707963267948966,12
S000523,U0059,1206478.0,364850.87,moderate,163138.78,buy,SZSE,101877,2026-01-05 11:13:00,96,9600,27.1444,260586.24,2.3335146880426896,0.117396,1.3318429012570623,107866.11,2.3258327911685446,1.0624182367587436,2.387359352628819,1.6376473134021479,0.8949054766368204,1,1,0,medium_high,1.5707963267948966,11
S000595,U0035,1890204.0,367695.55,moderate,154961.3,buy,SZSE,513199,2026-01-05 09:41:00,62,6200,54.8449,340038.38,1.7459688094509471,-0.087535,0.9929581329074496,423964.91,0.6643446362907,0.8767254407475751,1.4406449387879008,1.1839448812163653,0.10070799716899567,0,1,0,medium,1.5707963267948966,9
S000452,U0170,1479931.0,184230.14,conservative,113366.61,buy,SZSE,336620,2026-01-05 10:22:00,121,12100,14.1418,171115.78,0.20699190656750666,0.198728,2.2548587406264966,195841.58,0.5733995163168838,0.5460722745119896,1.3449980597447484,0.8302060470347056,0.604301694515303,0,1,0,medium,0.0,10
S000089,U0077,1919776.0,278652.15,moderate,277852.52,buy,SZSE,177740,2026-01-05 09:41:00,64,6400,36.9782,236660.48,0.3854111516271981,-0.204539,2.320806277175159,1077355.37,1.8480709603826133,0.5854336434893415,2.55652157846376,1.2150805035535306,0.007984860705540671,0,1,0,medium,1.5707963267948966,9
S000492,U0182,357935.0,22765.34,moderate,44743.86,buy,SZSE,976675,2026-01-05 12:17:00,4,400,55.0962,22038.48,1.303884800676971,-0.11734,1.3312073717360289,1489.12,0.6999121502294483,0.2679870726458765,2.205735325202049,0.8015102483999297,2.8128863809111007,0,0,1,medium,1.5707963267948966,12
S000518,U0058,786117.0,132959.02,moderate,109140.85,buy,SZSE,248053,2026-01-05 11:07:00,45,4500,25.1558,113201.1,0.17832705659747627,0.059075,0.669972951325119,242512.9,2.9405055545447856,0.6920584936211879,2.4516680317957644,1.290394157248656,0.14269330603895183,0,0,0,low,1.5707963267948966,11
S000385,U0062,1785536.0,86607.44,conservative,73254.16,buy,SZSE,506647,2026-01-05 12:23:00,9,900,75.0188,67516.92,0.5846534655897416,-0.138744,1.5741158336681513,4167.2,2.109868126323071,0.1457601619376975,0.7123549043903556,0.2543310643712743,2.2507520591022674,0,0,1,medium,0.0,12
S000136,U0109,270125.0,139564.5,moderate,23398.49,buy,SZSE,521173,2026-01-05 10:17:00,20,2000,53.9811,107962.2,0.024061188638160314,-0.079832,0.9055387775410163,9781.01,0.4164385308915376,2.007422358061184,1.5231519596527114,2.323736109504321,2.128013590239014,1,0,1,medium_high,1.5707963267948966,10
S000248,U0099,921278.0,22988.16,aggressive,52705.06,buy,SZSE,412044,2026-01-05 10:10:00,41,4100,5.124,21008.4,2.989239696221442,0.039621,0.4491945352146953,95771.45,2.2667757871398133,0.06854003022059671,1.0001194167270817,0.2602860544611778,0.4016888840602209,0,1,0,medium,3.141592653589793,10
S000048,U0015,703306.0,388485.98,conservative,1998.58,buy,SZSE,942895,2026-01-05 12:28:00,75,7500,35.7549,268161.75,0.41849528600466845,-0.011236,0.12706050924089154,84626.17,1.1952177772460366,1.9128244799975287,0.03332524532538004,1.80484728035399,0.890910109770558,1,0,0,medium,0.0,12
S000390,U0146,681124.0,94480.22,moderate,100376.52,buy,SZSE,936638,2026-01-05 10:24:00,156,15600,4.5677,71256.12,1.2986070112151524,0.056268,0.6381170340833199,167954.3,2.0209493414762,0.4894362070976227,2.603418269519401,1.1337055088695907,0.936370969227512,0,0,0,low,1.5707963267948966,10
S000513,U0016,1846700.0,203956.4,conservative,22953.92,buy,SZSE,114494,2026-01-05 10:10:00,29,2900,57.4448,166589.92,0.1952897336450682,7.4e-05,0.0003858572091988488,60791.73,0.19148866949632004,0.41532212355353004,0.20382615722989042,0.3752051079566272,0.4539439814795355,0,0,0,low,0.0,10
S000387,U0004,856264.0,376851.98,moderate,111242.79,buy,SZSE,100986,2026-01-05 09:32:00,37,3700,76.4263,282777.31,2.5760682939096995,0.064843,0.735432491991559,465958.76,2.968074377192961,1.6502299049723197,2.2930650302069666,2.1910056167073813,0.029342924201250807,1,1,0,medium_high,1.5707963267948966,9
S000581,U0046,254990.0,54854.78,moderate,19427.88,buy,SZSE,247262,2026-01-05 10:37:00,27,2700,14.7936,39942.72,0.05623496195125577,0.016821,0.190443230222526,30524.58,1.0354839121732917,0.7571074993796684,1.3376736971207541,1.0364486783714288,0.889075803269899,0,0,0,low,1.5707963267948966,10
S000433,U0140,287164.0,28417.54,conservative,26505.2,buy,SZSE,32160,2026-01-05 11:23:00,6,600,34.2401,20544.06,1.3701394961152387,0.023065,0.2613047718177499,12784.78,0.40926637103432373,0.3192796712252925,1.6241386454568938,0.686039683724309,0.44568917509733486,0,0,0,low,0.0,11
S000427,U0074,1779777.0,24226.97,conservative,155689.24,buy,SZSE,463944,2026-01-05 11:45:00,35,3500,6.364,22274.0,0.9189979709286219,-0.104969,1.190812091294883,42700.6,1.417554732819667,0.015609057339037079,1.5383713336250953,0.3617597438107315,0.8198037703370485,0,0,0,low,0.0,11
S000319,U0053,213415.0,19976.7,conservative,22996.12,buy,SZSE,16957,2026-01-05 09:33:00,3,300,55.7299,16718.97,1.2045978268712294,-0.01283,0.14515040310744934,6378.73,2.0656886880948053,0.35425818572961115,1.8989388154429434,0.7990547818719123,0.4467624440831378,0,0,0,low,0.0,9
S000562,U0026,1752838.0,353486.59,moderate,221956.49,buy,SZSE,437916,2026-01-05 10:24:00,298,29800,8.1913,244100.74,0.8980020486591161,-0.230247,2.612559722295277,482277.68,2.8225781826174363,0.6676726148306122,2.2345681122150576,1.2043155477366447,0.604360424785146,0,1,0,medium,1.5707963267948966,10
S000593,U0014,880937.0,430480.24,moderate,80517.32,buy,SZSE,921989,2026-01-05 11:20:00,79,7900,45.8694,362368.26,0.9126484905935518,-0.017661,0.19997617303802695,127420.91,2.946717871447131,2.067456434151123,1.6081297170013953,2.407271947237489,0.6065933496445755,1,0,0,medium,1.5707963267948966,11
S000312,U0082,410318.0,106128.86,conservative,17710.46,buy,SZSE,470114,2026-01-05 09:34:00,27,2700,37.0072,99919.44,0.01742938113755632,-0.123447,1.4005141357530102,31900.99,2.0707811882164706,1.2040402251309312,0.7503451007868059,1.3099179272840513,0.8483232961551009,1,0,0,medium,0.0,9
S000243,U0166,1677616.0,639771.41,moderate,198919.62,buy,SZSE,499304,2026-01-05 09:49:00,206,20600,27.1229,558731.74,0.5113060203397942,0.164158,1.8625327488028438,68987.45,1.7861077651849735,1.664663609070549,2.091343462460784,2.1476419772615727,3.133124496154599,1,1,1,high,1.5707963267948966,9
S000394,U0010,1234104.0,574703.18,conservative,32552.48,buy,SZSE,948267,2026-01-05 12:05:00,68,6800,65.8104,447510.72,0.3446408042125376,0.141222,1.6022380149738789,96856.29,0.6110200276868792,1.8167861434120582,0.4518552732383444,1.8295721883338538,0.6942388805420254,1,0,0,medium,0.0,12
S000586,U0091,226001.0,126783.9,moderate,17790.01,buy,SZSE,858285,2026-01-05 09:33:00,34,3400,28.7485,97744.9,1.9566885869592796,0.199283,2.2611572921295955,37226.6,2.650206385305586,2.1762844413863736,1.3825886775548113,2.450291647673065,0.9198212063149998,1,1,0,medium_high,1.5707963267948966,9
S000264,U0054,445172.0,65245.35,conservative,32934.01,buy,SZSE,180777,2026-01-05 09:54:00,35,3500,15.098,52843.0,1.3816054361032508,-0.007975,0.09005226338214313,77745.85,0.6393887194641119,0.5619089838728499,1.2983677544133654,0.8325223025723141,0.4252688738375536,0,0,0,low,0.0,9
S000259,U0197,821562.0,194416.7,moderate,61669.89,buy,SSE,616456,2026-01-05 09:50:00,32,3200,52.0813,166660.16,0.8537458250169446,-0.244863,2.7784329272849937,34584.62,2.856785919036787,0.9948606857835163,1.3176405303875778,1.265437654188068,0.9325724021563778,0,1,0,medium,1.5707963267948966,9
S000016,U0105,1332466.0,160410.36,moderate,73195.41,buy,SZSE,886610,2026-01-05 11:31:00,98,9800,13.6825,134088.5,0.6154386501907211,0.10271,1.1651752843660534,321698.93,1.117177212554345,0.4689416087532957,0.9596396341226118,0.644002281634409,0.2698449809428231,0,0,0,low,1.5707963267948966,11
S000463,U0107,497481.0,18155.01,aggressive,29303.75,buy,SZSE,547449,2026-01-05 10:39:00,2,200,68.1736,13634.72,1.3385707095854302,-0.01954,0.22130045821698685,4869.45,0.6719433930167444,0.0922260269535714,1.0302723957406859,0.2922807624980023,0.38313129339524093,0,0,0,low,3.141592653589793,10
S000537,U0125,645145.0,18923.56,conservative,47228.71,buy,SSE,627807,2026-01-05 11:55:00,4,400,39.5538,15821.52,1.3804127478733421,-0.124297,1.4101605659829815,12505.44,0.3720991188374608,0.07739114082908741,1.2846026544416378,0.350273643574723,0.28610589771001677,0,0,0,low,0.0,11
S000082,U0155,1850007.0,1071016.2,moderate,30584.69,buy,SZSE,827300,2026-01-05 10:59:00,716,71600,13.3949,959074.84,0.9427249763912521,-0.01277,0.14446947862062784,837723.45,1.9428554521759043,2.618311253205648,0.2767801023317703,2.5708374966506025,0.8572166607439579,1,0,0,medium,1.5707963267948966,10
S000488,U0034,296864.0,150148.79,moderate,17159.37,buy,SZSE,513943,2026-01-05 11:14:00,54,5400,19.4461,105008.94,1.0260863933493232,0.119388,1.3544495942195358,23433.42,0.34119750815154665,1.7710370387660903,1.0106731283180501,1.9440095646921136,2.405244169570362,1,0,1,medium_high,1.5707963267948966,11
S000400,U0095,1480369.0,218807.18,aggressive,213964.9,buy,SZSE,971755,2026-01-05 11:27:00,27,2700,72.4746,195681.42,0.04993157584729335,-0.093433,1.059893009962003,44426.03,0.8361032006036062,0.6312684584784414,2.5530201532897663,1.259328724473236,0.5935225543529429,0,0,0,low,3.141592653589793,11
S000043,U0080,863065.0,188658.29,aggressive,45505.99,buy,SZSE,843657,2026-01-05 10:45:00,24,2400,62.5864,150207.36,2.618498033644233,-0.006902,0.07787506380948533,202335.84,2.8675041653661553,0.8466001586678221,0.9204062450704282,1.005622509724362,0.07121066574921225,0,1,0,medium,3.141592653589793,10
S000125,U0103,935782.0,114318.48,conservative,12558.91,buy,SZSE,378169,2026-01-05 11:17:00,85,8500,12.4761,106046.85,1.1161314738179935,-0.210578,2.3893413267737427,103015.49,2.6396747751063314,0.534240285757405,0.22145029365163493,0.49763495244281697,0.825631841969338,0,1,0,medium,0.0,11
S000128,U0167,899767.0,227119.07,moderate,142153.54,buy,SZSE,812793,2026-01-05 10:23:00,48,4800,46.9294,225261.12,1.8589745787900842,0.21195,2.404911800039061,135520.53,1.9476546669502481,1.2392188676273161,2.792277212294263,1.9278318356892294,0.32276330328212793,1,1,0,medium_high,1.5707963267948966,10
S000171,U0114,553823.0,8540.03,moderate,11138.02,buy,SSE,610159,2026-01-05 12:22:00,4,400,19.0985,7639.4,0.7491061586238342,0.119928,1.3605779146009294,2074.98,0.21668454706162538,0.022188535173830883,0.34042388415358765,0.02611559580889497,2.0030242570884518,0,0,1,medium,1.5707963267948966,12
S000474,U0143,961030.0,171879.29,moderate,132557.85,buy,SZSE,752151,2026-01-05 11:46:00,128,12800,10.1701,130177.28,2.0891461218258187,0.003336,0.037405451809394294,60158.66,2.404886523423709,0.6481007145679578,2.435623004340249,1.242416392126582,2.2165655961559128,0,1,1,medium_high,1.5707963267948966,11
S000032,U0066,1621088.0,84829.87,aggressive,91162.98,buy,SZSE,2024,2026-01-05 12:27:00,12,1200,60.7328,72879.36,1.8625756905953645,-0.1407,1.596313971938532,14209.44,1.4484563435055808,0.1825128188087003,0.9828175038916896,0.367858719000164,0.8463376791228647,0,1,0,medium,3.141592653589793,12
S000552,U0191,764111.0,52483.93,moderate,82419.62,buy,SZSE,715224,2026-01-05 09:47:00,8,800,55.1062,44084.96,0.23145641972785824,-0.010823,0.12237347902327023,11796.48,1.2816036431842261,0.24804249187563154,1.9009011428576217,0.6947588322064053,0.6687148120505817,0,0,0,low,1.5707963267948966,9
S000461,U0114,1808468.0,94584.61,conservative,96270.61,buy,SZSE,951338,2026-01-05 09:47:00,15,1500,50.7052,76057.8,0.5839332432286856,-0.045549,0.5164698745126592,8510.25,0.2507056473508629,0.16759021591648549,0.9294258380744975,0.3378782279165039,1.826675836871761,0,0,1,medium,0.0,9
S000197,U0163,701090.0,70030.24,conservative,18592.63,buy,SZSE,865387,2026-01-05 11:34:00,32,3200,21.3081,68185.92,2.3512091110091147,-0.069885,0.7926528463674589,81894.59,0.9618959523000193,0.45157919354855003,0.45438380368776105,0.4825586205716389,0.36179896443595283,0,1,0,medium,0.0,11
S000223,U0089,557633.0,511146.24,aggressive,539.61,buy,SZSE,424770,2026-01-05 09:48:00,48,4800,72.0427,345804.96,1.3541620832575716,-0.275071,3.121255708916724,189172.24,1.5339890157061093,3.141592653589793,0.0,3.0083725606660594,0.2154973774001581,1,1,0,medium_high,3.141592653589793,9
S000097,U0023,1960108.0,556848.38,aggressive,142021.08,buy,SSE,602370,2026-01-05 12:22:00,402,40200,11.2751,453259.02,2.542552026115595,-0.111041,1.2597216493612184,1791399.33,1.8177292580870394,1.1408881652139582,1.2712549158149262,1.396348398795899,0.18417663127521386,0,1,0,medium,3.141592653589793,12
S000061,U0032,1657377.0,182968.85,moderate,10732.68,buy,SSE,660729,2026-01-05 10:43:00,50,5000,36.2026,181013.0,2.318712678078266,0.0209,0.23673474658494081,58004.61,0.6806353042191672,0.5131071813694963,0.09794779018212174,0.441499453755823,0.8650150795383245,0,1,0,medium,1.5707963267948966,10
S000383,U0030,307850.0,25464.0,conservative,25025.54,buy,SZSE,549464,2026-01-05 11:09:00,3,300,64.508,19352.4,1.8317847442154966,0.161108,1.8279190873894176,1653.79,0.6106467554266525,0.2746334827474256,1.4283766136099518,0.5860542974987759,1.8815999580996663,0,1,1,medium_high,0.0,11
S000268,U0097,201288.0,84279.24,aggressive,5686.62,buy,SZSE,708770,2026-01-05 11:07:00,10,1000,57.1977,57197.7,0.12425276172938848,-0.135097,1.532726973610851,6215.33,0.19658116961798494,1.4131273660532178,0.48517536156372215,1.440595603947706,1.6625988395829858,0,0,1,medium,3.141592653589793,11
S000445,U0042,653820.0,29390.55,moderate,24501.0,buy,SZSE,573108,2026-01-05 11:15:00,6,600,46.1424,27685.44,1.319303320982459,-0.175085,1.9865404465944856,3838.84,1.0728111381959662,0.16907008267529855,0.6491761417066791,0.25929852491082783,1.6135304466053504,0,1,1,medium_high,1.5707963267948966,11
S000056,U0083,1352846.0,88806.9,moderate,75546.76,buy,SSE,685464,2026-01-05 10:32:00,42,4200,14.4902,60858.84,2.380951413631285,0.138554,1.5719595727932165,182438.75,0.22188369640049788,0.18266057397405092,0.975831724991986,0.36600946275362045,0.19037929524679256,0,1,0,medium,1.5707963267948966,10
S000036,U0159,686224.0,229161.37,moderate,70870.03,buy,SZSE,194433,2026-01-05 11:02:00,37,3700,44.3566,164119.42,1.0583235462301914,-0.225833,2.562466377548109,17271.01,2.0458252713898823,1.18164008933207,1.8193127793035704,1.5931067544814237,2.2321680932070125,1,1,1,high,1.5707963267948966,11
S000539,U0138,979584.0,27461.48,moderate,159926.32,buy,SZSE,563418,2026-01-05 11:14:00,10,1000,26.1072,26107.2,0.17003585677699906,-0.036788,0.4170435506952736,3935.0,2.029854551113038,0.08833556965587622,2.885995017681373,0.8184432008349111,2.6582060132325824,0,0,1,medium,1.5707963267948966,11
S000152,U0098,1964951.0,623855.09,moderate,257811.49,buy,SZSE,580501,2026-01-05 11:17:00,88,8800,63.2343,556461.84,0.50842513089557,-0.223429,2.5351840031094603,242922.27,0.024396008436247965,1.4081639346160542,2.3159797151483392,1.958582024897532,0.33137625752806193,1,1,0,medium_high,1.5707963267948966,11
S000483,U0043,431381.0,79492.23,conservative,12771.57,buy,SZSE,447933,2026-01-05 10:41:00,13,1300,54.8774,71340.62,0.5463837302126678,0.102157,1.1588994303458486,47195.5,1.971570753909062,0.80203613070495,0.5092727777814906,0.844207137797549,0.23868302011107254,0,0,0,low,0.0,10
S000239,U0111,510953.0,10087.17,moderate,41624.22,buy,SZSE,125235,2026-01-05 10:46:00,1,100,74.9934,7499.34,0.028803132663353215,0.097192,1.1025529290613698,1093.37,3.1171966451535456,0.02673241808263977,1.4314446729561638,0.3422019963391507,0.9211850299630622,0,0,0,low,1.5707963267948966,10
S000236,U0073,1717803.0,179546.86,conservative,125311.5,buy,SZSE,523030,2026-01-05 11:16:00,43,4300,41.3699,177890.57,0.13101132836553842,0.031842,0.3609126754982881,202237.73,0.7623286046002204,0.4839907707356088,1.2800211045085363,0.75036130668897,0.17159287009404267,0,0,0,low,0.0,11
S000132,U0002,1662607.0,1271642.72,moderate,12937.74,buy,SZSE,96720,2026-01-05 11:08:00,253,25300,34.575,874747.5,1.0367744931873948,0.118333,1.3424766719929244,368710.52,1.4198476909896312,2.6579930842042283,0.12117029467535753,2.5655686069873433,0.6772648715166293,1,0,0,medium,1.5707963267948966,11
S000067,U0114,518520.0,224457.51,moderate,42541.4,buy,SZSE,897606,2026-01-05 10:05:00,219,21900,8.8173,193098.87,0.22420810188619034,-0.03436,0.38948880646189693,597235.65,3.090907613111862,1.8671214716705555,1.441758672960817,2.161984416826509,0.3361105579712577,1,0,0,medium,1.5707963267948966,10
S000301,U0046,627173.0,83243.05,moderate,79906.92,buy,SZSE,911103,2026-01-05 10:51:00,18,1800,39.6927,71446.86,0.859559459915389,-0.023608,0.26746713842348446,33939.39,1.040149815426126,0.5372992601225107,2.248459469773049,1.079578132528374,0.5108789203645552,0,0,0,low,1.5707963267948966,10
S000432,U0076,1817171.0,260356.88,aggressive,275829.09,buy,SZSE,588529,2026-01-05 12:22:00,124,12400,20.9871,260240.04,0.6123618602642896,-0.10061,1.141342927327301,251512.91,0.29301872427799464,0.6880009886139198,2.6820436698307364,1.3521849944956692,0.4710054452158431,0,0,0,low,3.141592653589793,12
S000369,U0119,258760.0,34744.27,moderate,35478.22,buy,SZSE,931327,2026-01-05 11:58:00,7,700,36.7201,25704.07,0.6745199309128705,0.057027,0.6467307288416119,6460.47,1.60992325835795,0.4622726649600949,2.4209611198508756,1.0547789719151726,1.1015514548954823,0,0,1,medium,1.5707963267948966,11
S000448,U0156,1160776.0,439989.12,moderate,72744.58,buy,SZSE,131343,2026-01-05 10:47:00,74,7400,40.6677,300940.98,1.0894486757855892,-0.115869,1.314513373067455,29674.84,2.570192810095553,1.2850244608427672,1.097218258012269,1.4889344745574873,2.6073759257242757,1,0,1,medium_high,1.5707963267948966,10
S000162,U0117,1959714.0,349592.72,conservative,144625.08,buy,SZSE,398898,2026-01-05 10:06:00,58,5800,44.9994,260996.52,1.5074023545747437,0.200145,2.270939907256931,86826.56,0.49770523440376035,0.6363961594988099,1.2951430289636345,0.905135232580471,0.6578552648096911,1,1,0,medium_high,0.0,10
S000143,U0164,723011.0,24873.5,aggressive,120191.67,buy,SZSE,721592,2026-01-05 11:33:00,3,300,79.2559,23776.77,2.906840496337742,-0.047235,0.5356038525923433,1629.62,0.7579026620861032,0.12040986172314441,2.93895634073975,0.8652330254003767,1.9103261076852571,0,1,1,medium_high,3.141592653589793,11
S000377,U0008,335817.0,36950.78,aggressive,36933.63,buy,SZSE,839805,2026-01-05 10:44:00,6,600,55.8661,33519.66,2.0551573881628618,-0.050771,0.5757330023490236,4568.6,2.6049071302966404,0.4647405672170135,1.9385648478056487,0.9194406474055287,1.3469362394894897,0,1,1,medium_high,3.141592653589793,10
S000216,U0165,364351.0,11447.66,conservative,3816.03,buy,SZSE,72512,2026-01-05 11:10:00,2,200,41.1625,8232.5,1.8106851099259988,0.124918,1.417208134421584,2692.08,0.9030522467057033,0.06746700463434382,0.16903970262798906,0.021866486326744733,0.7378589197774832,0,1,0,medium,0.0,11
S000094,U0040,1200053.0,411074.38,aggressive,34805.82,buy,SZSE,179909,2026-01-05 10:30:00,73,7300,37.806,275983.8,1.2674991669964197,-0.079047,0.8966300155051017,124633.49,1.891237231047406,1.134377471730165,0.49855546481113805,1.169234428942015,0.5699937133015279,0,0,0,low,3.141592653589793,10
S000154,U0029,1967588.0,165366.79,conservative,191304.71,buy,SZSE,917770,2026-01-05 11:24:00,63,6300,19.8543,125082.09,0.4926609038567754,0.084331,0.9565967653111817,36601.78,0.6639713640304732,0.27827694403229053,1.7117745695653976,0.6705909205533616,1.7825179351468505,0,0,1,medium,0.0,11
S000267,U0078,1532531.0,1036142.56,aggressive,139135.73,buy,SZSE,503351,2026-01-05 09:33:00,198,19800,42.5981,843442.38,0.35175660113977125,0.205792,2.3350262502082813,547539.33,2.654072419429363,2.782643755828145,1.5972566270654553,3.1102012608959333,0.33069509318019236,1,1,0,medium_high,3.141592653589793,9
S000257,U0163,1624658.0,598303.14,conservative,157902.22,buy,SZSE,578902,2026-01-05 12:26:00,211,21100,26.4999,559147.89,1.3870848878261652,0.116737,1.3243640806434727,2783198.79,1.9892211993569264,1.7218333854282817,1.711116963151308,2.0954856477378585,0.025504954458167466,1,0,0,medium,0.0,12
S000135,U0069,357694.0,207805.47,aggressive,18786.02,buy,SZSE,963239,2026-01-05 10:57:00,136,13600,13.8477,188328.72,0.07160162624674749,0.085915,0.9745731717632692,147611.25,2.60210758834494,2.6599370524068533,0.916739084586015,2.794705884917078,0.9283782066311197,1,0,0,medium,3.141592653589793,10
S000173,U0127,1141556.0,497177.88,aggressive,37834.64,buy,SZSE,509663,2026-01-05 10:04:00,567,56700,8.5273,483497.91,0.5561960396596953,-0.053653,0.6084400751993496,1219891.37,0.1876226353725431,2.13021502905953,0.5721666606719351,2.173351519853277,0.44087051663018273,1,0,0,medium,3.141592653589793,10
S000384,U0149,739919.0,106966.92,moderate,97720.2,buy,SZSE,805712,2026-01-05 09:36:00,49,4900,16.2242,79498.58,1.7850048614201848,0.14564,1.6523767546868353,126657.93,0.03540754011293694,0.5039790812727577,2.331339217258717,1.070355213957308,0.3576585871943327,0,1,0,medium,1.5707963267948966,9
S000295,U0087,1024676.0,293554.13,moderate,29711.17,buy,SZSE,924320,2026-01-05 11:55:00,362,36200,7.0613,255619.06,2.832133271270121,-0.08837,1.0024343320157154,1632116.47,0.9263817629698746,1.2346316150790955,0.49841498101797127,1.2681654480895155,0.18139206900849572,0,1,0,medium,1.5707963267948966,11
S000554,U0186,1261084.0,128257.19,moderate,35447.33,buy,SZSE,706795,2026-01-05 12:26:00,22,2200,56.3717,124017.74,0.9548708062881014,-0.01341,0.1517326731467238,335433.19,1.6523429845022894,0.4571619928254267,0.48264078497637175,0.4961403515578293,0.014586249818198706,0,0,0,low,1.5707963267948966,12
S000426,U0027,1208863.0,101405.81,conservative,20830.94,buy,SZSE,702907,2026-01-05 10:39:00,11,1100,73.9755,81373.05,0.27949237032085217,-0.140439,1.5933519504208586,6252.15,2.8025547920867018,0.29753054303866905,0.28922180940634906,0.2833103130379625,1.8232742864247653,0,0,1,medium,0.0,10
S000010,U0062,1980542.0,755474.13,conservative,67560.68,buy,SZSE,589652,2026-01-05 12:26:00,78,7800,67.0014,522610.92,1.6237038614380732,-0.020563,0.23291022071729345,82109.83,2.3856096774134277,1.3087632419767343,0.5894013546797108,1.3673344616554968,0.9589267030987835,1,1,0,medium_high,0.0,12
S000066,U0028,1683789.0,262722.28,aggressive,143882.7,buy,SZSE,521136,2026-01-05 11:16:00,33,3300,54.9358,181288.14,1.5935351871781576,-0.112236,1.2732833953904135,14039.24,0.4211310964486738,0.5051341130336516,1.5023596469536755,0.8347350005727305,2.4545268746417697,0,1,1,medium_high,3.141592653589793,11
S000376,U0029,1256361.0,516986.33,moderate,156991.6,buy,SZSE,157956,2026-01-05 10:55:00,61,6100,71.2647,434714.67,1.1522290185541224,-0.258413,2.9322083738921823,26002.16,0.7851781993869577,1.7313382817753782,2.2048792632016627,2.2458896893441476,2.449620227552162,1,1,1,high,1.5707963267948966,10
S000070,U0057,812625.0,442973.67,aggressive,1338.58,buy,SZSE,343462,2026-01-05 09:52:00,133,13300,31.2719,415916.27,1.019587106763153,-0.124969,1.4177869202353823,147123.95,2.029321305027,2.5843632692435086,0.012084095798555381,2.4617255374391203,0.9098627949781178,1,0,0,medium,3.141592653589793,9
S000436,U0060,1337372.0,86261.98,conservative,84275.77,buy,SZSE,96041,2026-01-05 10:45:00,9,900,77.7429,69968.61,1.599953808859889,0.122532,1.3901300373289824,3750.71,3.0179062239332315,0.22038238537321364,1.103389408739191,0.439679603989924,2.5068444397117355,0,1,1,medium_high,0.0,10
S000004,U0119,868240.0,491924.87,moderate,18599.75,buy,SZSE,872930,2026-01-05 12:24:00,68,6800,55.5001,377400.68,0.27824782608094734,0.097181,1.1024280929054524,123038.65,0.4260902850488292,2.187477100948823,0.36374045943996935,2.1703532777490104,0.5347068586629339,1,0,0,medium,1.5707963267948966,12
S000490,U0196,1844430.0,183122.0,moderate,201312.76,buy,SZSE,342201,2026-01-05 10:17:00,67,6700,20.956,140405.2,2.2314966310438233,-0.06113,0.6932946149987552,24599.05,1.9577863425849744,0.34285613775386903,1.9237148217299833,0.7948747446068202,2.8529618881880725,0,1,1,medium_high,1.5707963267948966,10
S000517,U0149,245879.0,34888.38,conservative,17521.06,buy,SZSE,415924,2026-01-05 12:19:00,6,600,40.0584,24035.04,0.8336026460229292,0.10285,1.1667641081686368,12606.31,2.0348670643217974,0.4541231855998814,1.2499716211501515,0.7122936271208995,0.4527837916943649,0,0,0,low,0.0,12
S000222,U0091,1655073.0,870168.81,aggressive,196704.6,buy,SZSE,293270,2026-01-05 10:54:00,96,9600,74.4925,715128.0,0.036742863971635065,-0.012639,0.14298279349106757,141150.94,1.0354839121732917,2.1741484223368635,2.096263951773349,2.652011978751494,0.6708021926231095,1,0,0,medium,3.141592653589793,10
S000496,U0165,430035.0,92919.82,aggressive,61538.62,buy,SZSE,140549,2026-01-05 10:57:00,14,1400,62.7519,87852.66,0.4327499269746896,0.116303,1.319438726855464,80337.49,0.7107370457760239,1.0022391836298215,2.5275301692437835,1.6182718962682425,0.13063512738172076,0,0,0,low,3.141592653589793,10
S000168,U0052,1273137.0,76423.96,moderate,3697.86,buy,SZSE,937176,2026-01-05 10:18:00,19,1900,30.8752,58662.88,0.7567059449776975,-0.11717,1.3292780856900346,24207.8,2.9884710399839225,0.1882767107673438,0.03444253605002205,0.10268849696706137,0.7826545254505797,0,0,0,low,1.5707963267948966,10
S000167,U0008,473852.0,231347.34,aggressive,67320.2,buy,SZSE,144455,2026-01-05 09:41:00,97,9700,19.0371,184659.87,0.12295636147948763,-0.048792,0.5532738430253612,103649.74,2.647406843353885,1.9561015666438109,2.5091902767872334,2.554689326493548,0.9438670873056504,1,0,0,medium,3.141592653589793,9
S000300,U0086,1461086.0,42134.3,moderate,79772.04,buy,SZSE,560807,2026-01-05 10:20:00,47,4700,7.7166,36268.02,2.751088089425206,0.150461,1.7070890372029428,202221.93,1.327729429626531,0.07892770194452178,0.9536909457061348,0.25728060040483614,0.19273235020362814,0,1,0,medium,1.5707963267948966,10
S000084,U0082,1621829.0,403700.84,aggressive,184940.27,buy,SZSE,936412,2026-01-05 11:12:00,82,8200,33.8582,277637.24,0.8750125508942074,0.031114,0.35265079172485386,198527.5,2.6232241333520525,0.8319290276586971,2.0105940894588357,1.302501907438186,0.38560586661949703,0,0,0,low,3.141592653589793,11
S000340,U0087,908739.0,168050.51,moderate,120179.82,buy,SZSE,200314,2026-01-05 11:14:00,23,2300,49.1617,113071.91,0.8300706755643102,0.192326,2.182204097882643,30234.55,0.3124822064183892,0.5913614449036978,2.3345440260187837,1.157534611140286,0.7568645690102107,0,1,0,medium,1.5707963267948966,11
S000349,U0135,1203387.0,468079.94,aggressive,196804.68,buy,SZSE,196117,2026-01-05 11:03:00,98,9800,47.1282,461856.36,0.037192282724934134,-0.120804,1.3705194121085231,218830.6,0.29605822696841244,1.9257354621653786,2.8910252266146768,2.6337656892129075,0.42275970314524447,1,0,0,medium,3.141592653589793,11
S000184,U0048,764665.0,38357.67,conservative,38817.21,buy,SZSE,51341,2026-01-05 10:09:00,12,1200,26.4825,31779.0,1.3256585630964173,-0.029557,0.334980801291836,13025.89,2.4564247576393017,0.16503279625437536,0.885510248675374,0.3228110379564071,0.9282749481385049,0,0,0,low,0.0,10
S000001,U0132,677136.0,27362.24,conservative,70077.18,buy,SZSE,347602,2026-01-05 10:09:00,3,300,65.9994,19799.82,0.9339613107019223,0.193264,2.1928492173599525,9961.25,0.6837547938224906,0.10165632546300832,1.8231396289604693,0.5280369364157155,0.2661442264665547,0,1,0,medium,0.0,10
S000287,U0119,424215.0,21520.67,moderate,62810.11,buy,SZSE,994609,2026-01-05 11:55:00,6,600,24.2429,14545.74,2.391875746403783,0.084695,0.9607277071978988,3140.79,2.7413114791052133,0.1276269710061819,2.6157422547318574,0.7800463616795223,1.984464317212678,0,1,1,medium_high,1.5707963267948966,11
S000540,U0113,591985.0,444199.82,moderate,1310.84,buy,SZSE,974739,2026-01-05 11:39:00,53,5300,59.4705,315193.65,1.0544055365860467,-0.11088,1.2578945019882475,68795.98,0.614352815724618,2.6904310535917833,0.022168520389312024,2.5693160287047148,0.7671954370402058,1,0,0,medium,1.5707963267948966,11
S000014,U0117,1681812.0,873978.58,moderate,28616.34,buy,SZSE,842518,2026-01-05 10:01:00,141,14100,45.144,636530.4,0.15657057951469533,0.053471,0.606374604255991,54828.19,0.7768595604447616,1.89837554765106,0.2853689969218522,1.86256813878765,2.6906394310152786,1,0,1,medium_high,1.5707963267948966,10
S000273,U0131,396599.0,23485.06,conservative,37859.63,buy,SZSE,279442,2026-01-05 11:14:00,4,400,57.5149,23005.96,0.8034627806574558,0.049112,0.5569054402884093,8347.7,1.7296370046735277,0.24965622316795516,1.6803472780684603,0.6333606908287246,0.45622389055483936,0,0,0,low,0.0,11
S000501,U0074,757464.0,26311.22,conservative,74762.17,buy,SZSE,898513,2026-01-05 10:26:00,4,400,52.8657,21146.28,1.0164066048167295,-0.088681,1.0059637906057401,18990.24,0.9456586089801559,0.09484821811748392,1.7379612820944537,0.49698867011777037,0.1694715327473148,0,0,0,low,0.0,10
S000251,U0061,892298.0,341866.76,moderate,107768.67,buy,SZSE,66790,2026-01-05 10:34:00,46,4600,69.1491,318085.86,0.09746048989810374,0.107209,1.2162332721362188,51551.01,1.7746163120308502,1.7851950395456861,2.1305320389612232,2.2778234005187024,0.8973910484388835,1,0,0,medium,1.5707963267948966,10
S000139,U0196,1726869.0,336794.67,moderate,3148.53,buy,SZSE,545742,2026-01-05 10:58:00,234,23400,10.9676,256641.84,1.1300519316124844,-0.017612,0.19942008470712272,566034.17,0.42193096557773113,0.7158091075156112,0.015214572627553949,0.6179782065131159,0.3859919914481373,0,0,0,low,1.5707963267948966,10
S000054,U0171,432445.0,112008.31,moderate,62755.87,buy,SZSE,169243,2026-01-05 09:54:00,13,1300,68.5447,89108.11,0.8144274458821731,-0.077242,0.8761455371932216,44616.88,2.6355687802438372,1.0113176890262126,2.5634033282254856,1.6374797116989925,0.2556823365436554,1,0,0,medium,1.5707963267948966,9
S000509,U0131,1226064.0,286174.34,moderate,129078.26,buy,SZSE,310727,2026-01-05 12:02:00,33,3300,59.2428,195501.24,0.9219825723928382,-0.262104,2.9740965785731515,180057.98,2.732166308729658,0.7715645088713179,1.854935379216194,1.1984530433138463,0.14025567949354237,0,1,0,medium,1.5707963267948966,12
S000470,U0060,931727.0,180210.69,conservative,98498.45,buy,SZSE,500643,2026-01-05 11:48:00,26,2600,46.2527,120257.02,1.2152340706993048,-0.194478,2.206626589476641,45993.5,1.175434347454019,0.6152413445678029,1.8627140913231517,1.0463520598573057,0.5481885522788497,1,1,0,medium_high,0.0,11
S000493,U0013,1341067.0,608060.49,aggressive,7172.2,buy,SZSE,857520,2026-01-05 10:05:00,117,11700,50.7101,593308.17,0.17364273036116773,0.112218,1.2730791180443668,140863.15,2.9929769694109454,2.2273061211981235,0.07789648503514424,2.1280341524326247,0.8314779598118154,1,0,0,medium,3.141592653589793,10
S000381,U0141,483091.0,6336.84,moderate,27058.14,buy,SZSE,364277,2026-01-05 12:22:00,2,200,22.901,4580.2,0.7813778821780334,-0.060726,0.6887097234541573,3464.83,1.283416679876756,0.0,0.9788121153381583,0.1865376990967351,0.5609287495424208,0,0,0,low,1.5707963267948966,12
S000551,U0075,875876.0,43118.6,moderate,61965.88,buy,SZSE,593482,2026-01-05 10:13:00,6,600,70.5623,42337.38,1.2489174300811743,-0.010966,0.12399634905019481,21057.56,0.5310331147811482,0.199902397915711,1.240874495318461,0.4587280962258865,0.24880961358432288,0,0,0,low,1.5707963267948966,10
S000106,U0181,1191391.0,252072.32,conservative,9637.11,buy,SZSE,338099,2026-01-05 10:47:00,31,3100,70.1676,217519.56,0.8925975000617518,0.008325,0.09402432288860188,50812.65,2.193241151875145,0.8905186323776233,0.12663582553989236,0.8222743726154654,0.5960132517058286,0,0,0,low,0.0,10
S000510,U0055,1741818.0,135250.35,aggressive,291971.15,buy,SZSE,594983,2026-01-05 10:30:00,16,1600,58.5419,93667.04,0.8485487004595641,-0.035311,0.4002814595780177,12762.78,0.11862059183919911,0.22788054844048183,2.9636156921301855,0.9783711838288119,1.2832230799884305,0,0,1,medium,3.141592653589793,10
S000524,U0083,763647.0,268334.63,moderate,2548.91,buy,SZSE,277343,2026-01-05 11:48:00,49,4900,53.9814,264508.86,0.09767367571697627,0.055197,0.6259625319935562,195032.57,1.9811158588491458,1.7332154206048174,0.04214744970867067,1.6300564291126574,0.21283112993159634,1,0,0,medium,1.5707963267948966,11
S000270,U0027,826615.0,181776.86,conservative,29426.84,buy,SZSE,955020,2026-01-05 12:03:00,16,1600,76.838,122940.8,0.5966552510143796,0.097277,1.1035175720843668,6346.11,0.4898131923303949,0.7163809385263606,0.6158441389330201,0.7900853481797705,2.636776939501517,0,0,1,medium,0.0,12
S000372,U0060,1740352.0,378998.09,moderate,277018.31,buy,SSE,610743,2026-01-05 10:16:00,57,5700,64.1031,365387.67,0.49143364495353603,0.254684,2.8898889170362265,21931.0,1.501114394501854,1.031350655372388,2.8133398229244553,1.728639446178333,2.7198883867847807,1,1,1,high,1.5707963267948966,10
S000378,U0075,1312124.0,759436.8,moderate,60675.92,buy,SSE,691601,2026-01-05 10:39:00,98,9800,55.3755,542679.9,2.447315582868433,0.040712,0.4615760121333995,886506.01,0.629550329176707,2.079004951122601,0.8051115516735836,2.189326907890897,0.06259504194555812,1,1,0,medium_high,1.5707963267948966,10
S000407,U0100,1808937.0,225032.34,aggressive,208657.2,buy,SZSE,220850,2026-01-05 10:56:00,51,5100,36.037,183788.7,0.5135588758851776,-0.095099,1.0788000132127464,37198.41,1.4385379663052704,0.4739244870750352,2.0339970889521526,0.9557628822062222,1.4085645811934329,0,0,1,medium,3.141592653589793,10
S000487,U0086,1765568.0,36447.15,conservative,127889.05,buy,SZSE,62347,2026-01-05 10:58:00,6,600,57.0146,34208.76,0.15975684324000716,-0.011505,0.13011332069014125,24638.84,2.559901160635016,0.05090386667503253,1.2708873461940708,0.3202081835064027,0.20458529326333527,0,0,0,low,0.0,10
S000213,U0189,1142213.0,77402.56,conservative,58294.35,buy,SZSE,278890,2026-01-05 10:20:00,14,1400,49.6287,69480.18,0.45971505217262776,0.101723,1.1539740765578397,18098.95,2.543397194272133,0.2641710588454871,0.8903585399879063,0.4220652744490232,0.7705395386050642,0,0,0,low,0.0,10
S000345,U0017,1627770.0,376437.01,moderate,92406.82,buy,SZSE,584904,2026-01-05 12:03:00,73,7300,41.3951,302184.23,0.4269074831818028,0.223493,2.5359103225620703,59140.0,1.9497076643814955,0.9062971039783245,0.9923008712407956,1.0850888765281255,1.2626282964360611,0,1,1,medium_high,1.5707963267948966,12
S000163,U0134,580239.0,234462.16,moderate,72204.07,buy,SZSE,313022,2026-01-05 09:51:00,55,5500,30.5765,168170.75,0.6420234979820217,0.006749,0.07613870636809052,62864.88,0.2712622839676358,1.4423060272964623,2.1956517897492236,1.957920963149571,0.8787814547895152,1,0,0,medium,1.5707963267948966,9
S000215,U0152,1571888.0,112256.5,conservative,70267.55,buy,SZSE,725855,2026-01-05 11:32:00,15,1500,52.1831,78274.65,0.6978666589688632,0.108543,1.2313724932265502,8587.87,3.1168766975019224,0.20741054165919015,0.7777282373164016,0.333863405300007,1.8096642404736654,0,0,1,medium,0.0,11
S000281,U0091,537971.0,18828.96,moderate,83409.69,buy,SZSE,125969,2026-01-05 12:18:00,2,200,64.5365,12907.3,3.0694206112330886,0.144739,1.642151538643066,1050.68,2.6278100496919814,0.07465715580225465,2.7399189025809854,0.7632198109318472,1.9771861418268113,0,1,1,medium_high,1.5707963267948966,12
S000181,U0027,736447.0,96634.2,moderate,100154.28,buy,SSE,682818,2026-01-05 09:56:00,39,3900,18.5278,72258.42,0.03833311494484681,0.025353,0.28727069224854307,204316.71,2.1680985989184434,0.4560067038306098,2.401186514428161,1.0429454790580783,0.14837732833666276,0,0,0,low,1.5707963267948966,9
S000499,U0161,1014683.0,49134.49,moderate,165612.31,buy,SZSE,584708,2026-01-05 11:00:00,19,1900,19.2217,36521.23,0.9584085385256086,0.099221,1.1255795254573835,55625.57,1.0230059537599976,0.13639427480257083,2.8852193337499883,0.8656653362177281,0.3092870555639613,0,0,0,low,1.5707963267948966,11
S000405,U0057,723580.0,69639.71,conservative,6976.21,buy,SZSE,892292,2026-01-05 10:29:00,99,9900,6.7286,66613.14,0.007910922413839616,-0.125143,1.4197616012471646,67461.95,1.0171135845092756,0.4248448204880957,0.154240001759243,0.37044389908874464,1.5115750185048904,0,0,1,medium,0.0,10
S000194,U0001,435243.0,28289.14,moderate,67617.77,buy,SSE,645996,2026-01-05 11:38:00,4,400,66.2628,26505.12,0.9832360437559325,-0.022993,0.26048766243356414,6062.36,2.688706752717544,0.2645201252789495,2.745456809273139,0.9522346632012201,0.6491102208477649,0,0,0,low,1.5707963267948966,11
S000180,U0185,1569832.0,198527.84,moderate,62156.35,buy,SZSE,183776,2026-01-05 10:22:00,30,3000,48.8744,146623.2,0.03430563150182142,-0.111053,1.2598578342585829,254094.17,1.5627843043521725,0.4317390497510285,0.6868873266202449,0.5293764803310869,0.07062528513234112,0,0,0,low,1.5707963267948966,10
S000039,U0078,1628610.0,338913.64,conservative,17893.76,buy,SZSE,882099,2026-01-05 10:43:00,35,3500,66.9309,234258.15,0.8229375933004114,0.112762,1.2792528333915485,115351.49,0.9212892628482099,0.6912302003892432,0.178173638770041,0.6402557741081456,0.26855045901317537,0,0,0,low,0.0,10
S000195,U0084,1077909.0,158316.21,moderate,108808.09,buy,SZSE,887404,2026-01-05 10:39:00,124,12400,11.3103,140247.72,0.6114514991999148,0.122699,1.3920252771506356,519294.8,1.673512854118006,0.620601945182023,1.7778488988365875,1.0274061601790323,0.19953171371681142,0,0,0,low,1.5707963267948966,10
S000575,U0144,1575432.0,1106379.94,moderate,43128.48,buy,SZSE,173613,2026-01-05 12:16:00,195,19500,37.9343,739718.85,1.369707362698605,0.133454,1.514080991413389,209664.84,2.121492890998704,2.3668245019950946,0.4696065563842843,2.37764128661787,0.937686206925068,1,0,0,medium,1.5707963267948966,12
S000226,U0161,1823332.0,192853.1,moderate,38889.01,buy,SZSE,399398,2026-01-05 12:11:00,34,3400,39.4914,134270.76,1.2804977401687596,0.005122,0.057674304033780883,203907.4,1.2511019670628407,0.3300789172259603,0.3620722588530098,0.33624863147788386,0.12260253498414408,0,0,0,low,1.5707963267948966,12
S000410,U0160,1517296.0,237031.51,conservative,23525.09,buy,SSE,692002,2026-01-05 11:20:00,29,2900,59.997,173991.3,0.9709346458290954,-0.214318,2.4317856197856162,25956.04,0.5342059289930756,0.5411735116830593,0.2585067173924915,0.5150629393628456,1.1376015894774172,0,1,1,medium_high,0.0,11
S000198,U0105,676725.0,254763.3,aggressive,51528.29,buy,SZSE,79016,2026-01-05 11:28:00,71,7100,27.8869,197996.99,2.7662934239118218,0.056125,0.6364941640563954,102903.21,0.7286007896583039,1.4564591920783065,1.3368355957065827,1.7266110592629929,0.6813157651834706,0,1,0,medium,3.141592653589793,11
S000322,U0033,945077.0,115377.1,moderate,123836.93,buy,SZSE,430881,2026-01-05 11:12:00,14,1400,56.4531,79034.34,0.6441899268440784,-0.026744,0.3030567916013548,19595.33,0.9160634512050354,0.3814592840198917,2.3129324616297233,0.9441463065837271,0.707463869487573,0,0,0,low,1.5707963267948966,11
S000442,U0063,408555.0,31897.46,moderate,48660.86,buy,SZSE,441992,2026-01-05 11:43:00,26,2600,10.7917,28058.42,2.698701995771434,0.112068,1.2713768068273132,275474.32,2.0183630979589147,0.3045453635646875,2.1008038900512593,0.807631722848301,0.04533517667949009,0,1,0,medium,1.5707963267948966,11
S000559,U0054,1668422.0,217906.14,conservative,78805.27,buy,SSE,619688,2026-01-05 10:48:00,106,10600,18.5087,196192.22,0.028002245397859005,-0.097097,1.1014747986239024,516046.31,2.28557271167266,0.5561935033385083,0.8227324871987749,0.6910362460141377,0.16389044859529225,0,0,0,low,0.0,10
S000481,U0177,1952336.0,192232.5,conservative,89886.18,buy,SZSE,524104,2026-01-05 11:10:00,23,2300,70.7014,162613.22,0.11314405203246014,-0.091379,1.0365826950298136,27578.54,2.4686894176181804,0.3797317524400487,0.8015158778788579,0.510773199164779,0.8350961715633773,0,0,0,low,0.0,11
S000516,U0160,386026.0,75124.62,aggressive,24711.45,buy,SZSE,376044,2026-01-05 11:08:00,14,1400,53.4567,74839.38,2.8081181768630676,0.093247,1.057782144052856,23602.62,1.7145194781343445,0.948628907404498,1.1211552737472064,1.1636803624414174,0.5779352203896936,0,1,0,medium,3.141592653589793,11
S000233,U0041,560362.0,217585.1,moderate,2802.83,buy,SZSE,115821,2026-01-05 11:43:00,19,1900,78.8275,149772.25,0.6377424962679047,0.21406,2.428857644492284,15386.49,2.6312494869469276,1.3262808206838121,0.07173813789443476,1.236780861040572,1.2631523840076782,0,1,1,medium_high,1.5707963267948966,11
S000276,U0021,552689.0,34600.49,moderate,7024.82,buy,SZSE,851441,2026-01-05 10:30:00,7,700,33.6855,23579.85,1.2762340237913077,0.07424,0.8420766153692526,29394.69,1.6389318454384285,0.17071504216587005,0.2088154658183483,0.13515335317543434,0.19884072539653172,0,0,0,low,1.5707963267948966,10
S000561,U0180,1778927.0,245776.89,moderate,91634.45,buy,SZSE,423187,2026-01-05 10:58:00,30,3000,72.1799,216539.7,0.5019027971938465,-0.095136,1.0792199166462864,50712.45,1.633972656838273,0.5774585687288977,0.8988010824744739,0.7337547204795876,0.5762441089651427,0,0,0,low,1.5707963267948966,10
S000262,U0177,1165750.0,100692.51,conservative,89659.69,buy,SZSE,90310,2026-01-05 09:49:00,38,3800,21.9618,83454.84,0.46249222959686,-0.115669,1.31224362477805,28392.7,1.0153272101210475,0.3195253810685079,1.3504922208506753,0.6081275433811406,1.3736959928584294,0,0,1,medium,0.0,9
S000504,U0111,1671096.0,968680.53,moderate,99145.94,buy,SZSE,486059,2026-01-05 09:55:00,107,10700,74.823,800606.1,0.49746622744974134,0.03327,0.37711867828463974,418162.99,0.21465821193468015,2.41598936445732,1.0378410934682385,2.5884674182287357,0.2177868968832545,1,0,0,medium,1.5707963267948966,9
S000334,U0169,1844192.0,215708.3,conservative,102078.74,buy,SZSE,353844,2026-01-05 11:57:00,39,3900,52.6784,205445.76,1.1008800451002707,-0.042159,0.4779976410072447,191100.85,0.4313960836049093,0.524348046569109,0.9670938108845955,0.7008286040687729,0.1624732337928271,0,0,0,low,0.0,11
S000218,U0155,308685.0,104560.66,moderate,4324.56,buy,SZSE,413914,2026-01-05 12:24:00,44,4400,16.8647,74204.68,0.7732076797142137,-0.214436,2.433124771276365,14892.37,2.0802729685479506,1.1879506033770124,0.23192167107015238,1.145970093622559,3.0994702362353306,0,1,1,medium_high,1.5707963267948966,12
S000272,U0165,276993.0,32762.43,aggressive,42571.34,buy,SZSE,163762,2026-01-05 09:45:00,4,400,57.6137,23045.48,1.1742102050135528,-0.251977,2.8591678739391297,4555.75,2.6571385844240827,0.3792541204918888,2.7158424700183987,1.057042356733695,0.8821119950011554,0,1,0,medium,3.141592653589793,9
S000174,U0066,719779.0,42100.07,conservative,62002.99,buy,SZSE,530476,2026-01-05 10:57:00,6,600,60.213,36127.8,2.2346079916435855,-0.179184,2.033058937785841,4220.25,0.3690596161470429,0.20944953207295824,1.5146292169247282,0.5463386360931332,1.4626928538738115,0,1,1,medium_high,0.0,10
S000241,U0077,1742686.0,425276.11,conservative,130952.91,buy,SZSE,330502,2026-01-05 11:40:00,65,6500,44.3785,288460.25,0.3016176012524938,-0.092857,1.0533561348885163,30755.18,2.81007356189984,0.8028023791146757,1.3190649293537378,1.0762440267686626,2.201358300429702,1,0,1,medium_high,0.0,11
S000479,U0020,1905022.0,277530.26,moderate,280574.03,buy,SZSE,371340,2026-01-05 09:56:00,50,5000,42.3371,211685.5,1.5205910664504017,0.160861,1.8251159482520025,237895.78,0.6753828302716909,0.5228983276260674,2.6018588994152494,1.1662940856079296,0.16898204264375086,0,1,0,medium,1.5707963267948966,9
S000346,U0151,1148133.0,319645.47,conservative,51140.0,buy,SZSE,233707,2026-01-05 09:47:00,29,2900,79.0849,229346.21,2.7475157865143687,-0.061958,0.702691372916892,53103.93,0.5565756023023783,0.9789024591174476,0.7748694810392498,1.094665637846429,0.5276881642874645,1,1,0,medium_high,0.0,9
S000458,U0036,1351720.0,416592.79,moderate,177318.95,buy,SZSE,451896,2026-01-05 11:16:00,57,5700,72.4511,412971.27,2.492349646660545,-0.06954,0.7887375305682354,77062.87,0.540604882025534,1.5230016465467324,2.315538347079175,2.0718240455935293,0.7343726909596049,1,1,0,medium_high,1.5707963267948966,11
S000404,U0032,1009989.0,130779.96,conservative,107223.18,buy,SZSE,465273,2026-01-05 10:01:00,15,1500,59.5662,89349.3,0.7170418591096192,0.058362,0.6618812986733902,24300.73,0.8913208328128627,0.4063503187883845,1.8706580052577702,0.8424030832224625,0.6036813960834525,0,0,0,low,0.0,10
S000401,U0125,1682793.0,99559.52,moderate,120594.39,buy,SZSE,78192,2026-01-05 12:24:00,36,3600,26.1629,94186.44,0.472246921255003,-0.113715,1.2900681839905632,41239.92,0.4946657317133425,0.23917239740362606,1.2571620796016714,0.502147298175711,0.8766971709039428,0,0,0,low,1.5707963267948966,12
S000035,U0042,1705945.0,149570.34,moderate,183828.62,buy,SZSE,706027,2026-01-05 10:53:00,187,18700,5.7293,107137.91,0.9666363587783128,-0.080837,0.9169442626952764,601796.27,0.5785720033514543,0.2743227441684848,1.8990202604774626,0.7201655235993475,0.2763626527253777,0,0,0,low,1.5707963267948966,10
S000324,U0025,1931763.0,304886.24,conservative,200551.93,buy,SZSE,272932,2026-01-05 12:00:00,34,3400,68.4139,232607.26,0.7506215064714962,0.013401,0.1516305344737006,361943.12,1.7347828294037961,0.5707036573586423,1.8289638380665452,0.9927451629869789,0.04485967505837967,1,0,0,medium,0.0,12
S000368,U0197,1368479.0,166756.06,conservative,81576.82,buy,SZSE,734172,2026-01-05 11:23:00,36,3600,34.1938,123097.68,2.459000470454206,0.081603,0.9256373986436974,49244.79,2.4469063150035195,0.4139982434456025,1.0428453395739445,0.6135259942397782,0.7251744628791086,0,1,0,medium,0.0,11
S000121,U0122,1364113.0,306715.02,conservative,132301.75,buy,SZSE,985468,2026-01-05 10:47:00,36,3600,64.9533,233831.88,2.504893039300697,-0.091826,1.0416555824566338,110435.71,2.876142751959974,0.8331074677065807,1.707495148701398,1.2170987835782867,0.29264172248506826,1,1,0,medium_high,0.0,10
S000232,U0163,1015956.0,257172.36,conservative,110267.31,buy,SZSE,459372,2026-01-05 11:05:00,54,5400,36.0866,194867.64,0.39650257598746097,-0.022735,0.25755968714023164,60643.26,1.0753440571046478,0.9380093135756284,1.9128527571043932,1.3793092986155855,0.8953978498627221,1,0,0,medium,0.0,11
S000370,U0085,1305892.0,599367.47,moderate,109039.49,buy,SZSE,213354,2026-01-05 10:00:00,68,6800,59.2349,402797.32,0.5821355682154897,0.061673,0.6994569816044899,81084.2,0.9151569328587704,1.5380792586009255,1.467618360558691,1.8445387664836626,0.8400643252628569,1,0,0,medium,1.5707963267948966,10
S000055,U0160,1914584.0,1006553.19,aggressive,6055.54,buy,SZSE,539229,2026-01-05 10:16:00,289,28900,24.0022,693663.58,0.782017439634651,-0.094977,1.0774154667562095,393246.07,1.3762814857603096,1.8151664957395066,0.039036178258991104,1.7100701424482103,0.7293037347606129,0,0,0,low,3.141592653589793,10
S000328,U0028,241169.0,114966.86,moderate,29283.32,buy,SZSE,749940,2026-01-05 11:39:00,188,18800,4.679,87965.2,0.3944168120298427,-0.078479,0.8901839303631914,1609492.73,2.5028704917332294,1.8277191510526678,2.1420170336215776,2.3230834786299126,0.06928036195293721,1,0,0,medium,1.5707963267948966,11
S000227,U0076,1850541.0,532772.15,conservative,108575.25,buy,SZSE,213714,2026-01-05 11:40:00,646,64600,5.8787,379764.02,0.2876280021113412,-0.032294,0.3660423066323434,2759820.6,1.3015203844977532,1.0070029500959803,1.0261450174629616,1.1941719879313069,0.19449991776128378,1,0,0,medium,0.0,11
S000290,U0153,1006347.0,226413.54,conservative,98218.76,buy,SZSE,135074,2026-01-05 10:34:00,35,3500,58.9675,206386.25,1.0839000827160135,0.26056,2.956574121778945,27384.78,1.2844031851359266,1.0063173702444959,1.7183767743614797,1.3911998776285426,1.309316832097351,1,1,1,high,0.0,10
S000440,U0162,1028857.0,410800.22,conservative,26156.63,buy,SZSE,513301,2026-01-05 10:42:00,58,5800,52.909,306872.2,0.324019397570781,-0.153526,1.7418729297380742,327798.47,3.1395663184628484,1.4857014929940926,0.43488305274792854,1.497877244342309,0.13348963206070644,1,1,0,medium_high,0.0,10
S000419,U0080,684990.0,126062.36,moderate,72460.21,buy,SZSE,148106,2026-01-05 11:01:00,80,8000,12.1176,96940.8,0.3133601066271514,0.12335,1.399413307832649,115800.81,0.1843431719434081,0.6793056588691763,1.8639032243926537,1.1099361337512927,0.6822476543924152,0,0,0,low,1.5707963267948966,11
S000429,U0148,1669896.0,603898.22,aggressive,182723.62,buy,SZSE,986029,2026-01-05 12:11:00,453,45300,13.0065,589194.45,0.36879994309180153,0.112353,1.2746111981397152,844673.05,1.228439008406217,1.7664355869053219,1.928619662214955,2.2016368974689016,0.5172270218407268,1,0,0,medium,3.141592653589793,12
S000178,U0081,742918.0,25834.78,moderate,111056.92,buy,SZSE,953178,2026-01-05 10:24:00,7,700,32.8562,22999.34,1.391757690504697,-0.016209,0.18349780045694672,11998.4,1.924538449120492,0.11049267084432088,2.641091399329501,0.7703711216635164,0.5675312064781668,0,0,0,low,1.5707963267948966,10
S000406,U0025,1148201.0,150795.76,conservative,60195.64,buy,SZSE,877081,2026-01-05 10:19:00,16,1600,78.9518,126322.88,2.189896587469226,0.121583,1.3793600816957556,19631.43,2.847640748661232,0.5172308469417508,0.9150717731369871,0.6789447481109738,0.8148478966030815,0,1,0,medium,0.0,10
S000314,U0117,1525212.0,623073.24,moderate,94340.47,buy,SSE,667318,2026-01-05 12:19:00,98,9800,57.064,559227.2,1.050032346409714,0.10409,1.1808365475629479,214097.98,0.057190642727597676,1.8375472361005765,1.0827269101781447,2.0302474973989115,0.4333304042408165,1,0,0,medium,1.5707963267948966,12
S000580,U0038,1289699.0,635030.55,aggressive,20432.97,buy,SZSE,29266,2026-01-05 11:32:00,88,8800,50.6054,445327.52,0.9182950339042314,0.079873,0.9060040759403443,158715.62,1.368416105991246,1.7276584990605908,0.26452795946417357,1.6880835923559325,0.5366065159365818,0,0,0,low,3.141592653589793,11
S000472,U0126,515781.0,290151.02,moderate,79851.75,buy,SZSE,470406,2026-01-05 10:26:00,31,3100,64.2591,199203.21,2.668521797953742,0.052847,0.5992929895930474,551363.21,0.2694759095794078,1.9381836290590315,2.735868167992951,2.601740914446305,0.00458875615629404,1,1,0,medium_high,1.5707963267948966,10
S000024,U0198,1864719.0,1090321.5,moderate,48237.96,buy,SZSE,491238,2026-01-05 10:18:00,345,34500,27.6102,952551.9,1.204384641052357,-0.189973,2.1555005092577932,409467.56,0.015464136495108,2.5792723526741237,0.4428098952342635,2.579717034883779,0.8442536088019099,1,1,0,medium_high,1.5707963267948966,10
S000519,U0146,297265.0,79078.66,moderate,34127.15,buy,SZSE,922967,2026-01-05 10:51:00,25,2500,29.0315,72578.75,2.98698107889717,-0.136882,1.5529844770937908,44414.18,1.1966842039826415,1.2073223756476008,2.0243198895339938,1.6770113159615336,0.5456109341265963,1,1,0,medium_high,1.5707963267948966,10
S000434,U0155,1608208.0,558999.68,moderate,51327.92,buy,SZSE,425712,2026-01-05 12:04:00,96,9600,41.6685,400017.6,1.2930353710300229,0.085962,0.9751065626112793,40701.44,1.383373658704618,1.2308846943104141,0.5503504167310579,1.2792994831721076,2.4631600107440677,0,0,1,medium,1.5707963267948966,12
S000074,U0051,1563269.0,497983.83,conservative,16801.21,buy,SZSE,16934,2026-01-05 10:57:00,66,6600,59.4622,392450.52,0.657678251221936,0.046664,0.5291237212260921,118737.57,0.2559581212983393,1.2427678211688842,0.17391182283708376,1.183517903180478,0.5380981580082843,1,0,0,medium,0.0,10
S000118,U0178,1008811.0,410813.32,aggressive,81979.93,buy,SZSE,524773,2026-01-05 10:45:00,52,5200,76.4938,397767.76,2.3494978626792453,-0.214677,2.435859817965098,63349.42,0.9038521158347604,1.9797371455278845,1.4278886547131802,2.2691975503180295,0.8210674321794514,1,1,0,medium_high,3.141592653589793,10
S000522,U0165,958290.0,352038.53,aggressive,72507.61,buy,SZSE,767126,2026-01-05 10:03:00,60,6000,56.6471,339882.6,0.02968468483328579,0.1125,1.276279463132428,76017.02,1.4793046295828913,1.7759178466671974,1.3282982711165243,2.039543195739863,0.7873807104383063,1,0,0,medium,3.141592653589793,10
S000086,U0193,247432.0,13706.83,moderate,39569.09,buy,SZSE,593672,2026-01-05 11:08:00,4,400,28.6017,11440.68,0.5994093813230578,-0.059113,0.6704042035001059,15414.18,1.338421013651597,0.1891010940436595,2.826594202068366,0.9009540271822961,0.22165273680893602,0,0,0,low,1.5707963267948966,11
S000079,U0089,1768169.0,277655.55,conservative,164557.15,buy,SZSE,172285,2026-01-05 11:34:00,237,23700,9.0457,214383.09,1.8037075956920878,-0.030286,0.3432540338067172,144034.25,1.7694438249962796,0.5749938561726238,1.6377696634285608,0.9423744518510043,1.701592108160215,1,1,1,high,0.0,11
S000545,U0146,1331334.0,482155.73,moderate,129516.39,buy,SZSE,903012,2026-01-05 10:23:00,54,5400,69.1553,373438.62,0.4903907629747267,-0.210337,2.38660628008501,492889.57,2.8406552249341317,1.39430324480462,1.712755110876185,1.772614933417449,0.06153971238763447,1,1,0,medium_high,1.5707963267948966,10
S000050,U0178,1286902.0,437203.89,conservative,11803.21,buy,SZSE,800679,2026-01-05 09:56:00,66,6600,54.8552,362044.32,0.9438081908222805,0.0963,1.0924298516906235,180378.64,2.2592570173266746,1.3985762603925476,0.14589188572099385,1.329329759697097,0.33526441495628384,1,0,0,medium,0.0,9
S000208,U0096,1484423.0,389442.29,moderate,30844.05,buy,SZSE,407399,2026-01-05 10:05:00,60,6000,48.3639,290183.4,0.7856819310077044,-0.276863,3.141592653589793,123947.64,1.5812879435376983,0.9569339618413204,0.3522906746417001,0.9522878386506758,0.46145803898555315,0,1,0,medium,1.5707963267948966,10
S000003,U0163,438757.0,123719.01,moderate,12714.06,buy,SZSE,989098,2026-01-05 11:58:00,15,1500,75.2952,112942.8,2.643181494402346,0.088368,1.0024116345328213,96293.93,0.727081038313095,1.2755425097615993,0.4980909791557561,1.3084602495621527,0.11088926318435441,0,1,0,medium,1.5707963267948966,11
S000548,U0062,363147.0,76320.87,aggressive,5237.97,buy,SZSE,203187,2026-01-05 11:51:00,14,1400,42.1723,59041.22,0.17906456429519757,0.098081,1.1126419602077748,23451.81,1.2900022690393278,0.7876560341562666,0.23928728969416516,0.7529019453552274,0.5820082179944577,0,0,0,low,3.141592653589793,11
S000081,U0114,1088127.0,622661.56,moderate,52817.21,buy,SZSE,575660,2026-01-05 11:18:00,91,9100,56.6796,515784.36,0.3888394100658248,0.047913,0.5432982992934262,307427.35,0.31802796571318653,2.3898582563930013,0.8459594373816679,2.5078684194304057,0.2606320169037116,1,0,0,medium,1.5707963267948966,11
S000108,U0028,1361197.0,366963.28,moderate,213855.91,buy,SZSE,372829,2026-01-05 12:04:00,57,5700,61.4076,350023.32,1.204090790329046,-0.019182,0.21723760877895196,60476.26,0.7259345592281128,1.2741451121984884,2.7766182485285777,1.957838838315025,0.9509941657245572,1,0,0,medium,1.5707963267948966,12
S000544,U0027,260989.0,11990.26,aggressive,44742.58,buy,SZSE,842152,2026-01-05 11:17:00,2,200,47.2791,9455.82,0.45996280866483097,-0.06713,0.761387063680905,2114.31,2.46282371067176,0.1376185539355267,3.031374404298687,0.9086165231085895,0.9546419561756584,0,0,0,low,3.141592653589793,11
S000127,U0102,937360.0,119493.83,moderate,13341.98,buy,SZSE,153668,2026-01-05 12:05:00,11,1100,78.6274,86490.14,1.1552769995861119,-0.151396,1.717700110455911,5172.8,2.755255864255113,0.42592227049782355,0.23590411986505253,0.39483121660773746,2.2152874119195123,0,1,1,medium_high,1.5707963267948966,12
S000402,U0013,1459486.0,477242.6,moderate,135476.5,buy,SZSE,109423,2026-01-05 10:25:00,57,5700,55.8184,318164.88,0.4698730683529623,0.008161,0.09216312929128977,155971.31,2.843748052233153,1.0727522494863382,1.6334729932886913,1.43253563804296,0.3347890201174822,1,0,0,medium,1.5707963267948966,10
S000460,U0152,1626281.0,793386.55,moderate,13199.0,buy,SZSE,749898,2026-01-05 09:52:00,125,12500,55.9663,699578.75,1.2368695504254283,0.252508,2.8651940556474997,42815.75,2.839615395066357,2.164314060781234,0.12711791612631676,2.079906104450055,3.0620462404683053,1,1,1,high,1.5707963267948966,9
S000538,U0117,871581.0,137677.72,conservative,75014.32,buy,SZSE,34884,2026-01-05 12:17:00,52,5200,17.7307,92199.64,2.827950219797107,-0.207633,2.355919283212254,85549.48,0.06772225292685227,0.49544966740832597,1.5132997778896458,0.8282990443831657,0.5936118243631041,0,1,0,medium,0.0,12
S000599,U0079,1727607.0,102609.88,conservative,188466.19,buy,SZSE,441135,2026-01-05 12:18:00,15,1500,60.1525,90228.75,0.6920933565226378,0.113562,1.2883318265491683,9342.61,2.4954317088329963,0.21991730644049434,1.9227289455916075,0.6732277016511562,1.6589914128446133,0,0,1,medium,0.0,12
S000299,U0008,1351918.0,131704.64,moderate,104718.58,buy,SZSE,568851,2026-01-05 11:11:00,23,2300,56.4187,129763.01,0.8190829632240394,0.01609,0.18214730022475073,10259.46,0.33898453689448804,0.44503192140091125,1.3602314820964485,0.7348094938647795,2.3384321874677703,0,0,1,medium,1.5707963267948966,11
S000421,U0046,1208719.0,573325.99,moderate,125133.01,buy,SZSE,48844,2026-01-05 10:33:00,58,5800,78.3312,454320.96,0.043668522195550064,-0.087872,0.9967826587750971,129935.72,0.4077732819934168,1.8849523612958035,1.8237575798228172,2.288687800012794,0.42120025430745056,1,0,0,medium,1.5707963267948966,10
S000585,U0159,1505778.0,65381.02,moderate,143764.11,buy,SZSE,706009,2026-01-05 10:36:00,11,1100,41.4137,45555.07,3.108099432911242,-0.073103,0.8291730963439853,12511.55,0.25297194321652533,0.1068677304019093,1.6806003267237468,0.4924718042177306,0.8833680752996331,0,1,0,medium,1.5707963267948966,10
S000083,U0053,678505.0,168792.55,aggressive,1123.37,buy,SZSE,846455,2026-01-05 09:44:00,31,3100,48.4998,150349.38,0.3318381315224054,-0.012909,0.14604695368176432,37685.54,0.3344252828588614,1.091228333237165,0.012234182281381716,0.9877417950522341,0.8229388989235747,0,0,0,low,3.141592653589793,9
S000560,U0090,1223073.0,155469.41,conservative,89722.63,buy,SZSE,332777,2026-01-05 10:37:00,18,1800,73.4687,132243.66,2.838367516027422,-0.09704,1.100827920361422,9465.69,1.7222515463818984,0.5074868259398668,1.2873059894083747,0.775637268753451,1.9751295145592196,0,1,1,medium_high,0.0,10
S000255,U0084,1061372.0,46727.32,moderate,12980.6,buy,SZSE,42231,2026-01-05 11:08:00,6,600,66.7058,40023.48,0.991838379636386,0.109669,1.2441511760959003,10292.01,3.0915741707194098,0.1452248066972244,0.20027547381449537,0.10755026685683713,0.567066916999481,0,0,0,low,1.5707963267948966,11
S000416,U0163,1760272.0,334325.13,conservative,28855.6,buy,SSE,660863,2026-01-05 09:36:00,54,5400,53.3522,288101.88,0.23892368516728746,-0.122646,1.3914237938539433,72876.76,2.5357717752417868,0.7932473221526012,0.27429940750306486,0.7684212536066847,0.7357834988235417,0,0,0,low,0.0,9
S000244,U0107,342497.0,24670.33,conservative,22750.59,buy,SZSE,986814,2026-01-05 11:10:00,3,300,67.1765,20152.95,0.7068492722559542,0.023255,0.26346103269268467,5511.29,0.08363964859509275,0.2539424605795231,1.164023636490685,0.49012756427453463,0.5258069803532398,0,0,0,low,0.0,11
S000351,U0088,1907290.0,310816.95,moderate,118998.87,buy,SZSE,52043,2026-01-05 10:06:00,39,3900,55.9724,218292.36,1.0252336500738326,-0.236326,2.6815487215517417,153195.07,1.3539384747553087,0.5400397274442021,1.0922867433893542,0.7520751610747218,0.21639477592335862,0,1,0,medium,1.5707963267948966,10
S000563,U0103,1202225.0,386733.82,aggressive,61322.99,buy,SZSE,387143,2026-01-05 11:43:00,48,4800,57.7919,277401.12,0.647220622539402,0.078238,0.8874488836744585,59512.73,0.44672690857850783,1.1383050736063363,0.8898535096428507,1.28486832909562,0.805803968958809,0,0,0,low,3.141592653589793,11
S000313,U0154,251485.0,60801.73,moderate,7315.47,buy,SZSE,720136,2026-01-05 09:55:00,10,1000,41.623,41623.0,1.9583422175002645,-0.017117,0.1938024576908454,11686.02,2.9375727010715758,0.8027131189434071,0.5000760685014792,0.8422487880787697,0.8583125675792276,0,1,0,medium,1.5707963267948966,9
S000430,U0082,1456719.0,60411.67,conservative,120649.97,buy,SZSE,520564,2026-01-05 12:02:00,6,600,78.1352,46881.12,0.09132419538190628,0.023194,0.26276875946441614,15274.94,1.7500603297687907,0.11679268974520635,1.45561499848431,0.4380128812346352,0.36399216627650677,0,0,0,low,0.0,12
S000177,U0064,247388.0,7694.82,moderate,35448.55,buy,SZSE,387368,2026-01-05 10:19:00,11,1100,6.7572,7432.92,0.5684167726820942,-0.273451,3.1028707477725437,5100.65,1.9421355699597527,0.10579810030343956,2.5309069372797897,0.7342674293260587,2.2474076371904825,0,1,1,medium_high,1.5707963267948966,10
S000457,U0035,1165185.0,562728.05,moderate,83881.29,buy,SZSE,179643,2026-01-05 10:19:00,65,6500,78.8026,512216.9,0.28715553624248846,0.217208,2.4645834825675186,120477.91,2.1926812434848046,2.2128307452043745,1.2629669055008421,2.452205709911495,0.5206609273272905,1,1,0,medium_high,1.5707963267948966,10
S000294,U0082,331550.0,10367.45,aggressive,40507.0,buy,SZSE,966620,2026-01-05 12:14:00,1,100,75.7728,7577.28,1.0080116929762606,-0.137215,1.5567636079956502,2692.55,1.381827245055107,0.06880019661028272,2.15539393597244,0.5904947268644979,0.3411358402059482,0,0,0,low,3.141592653589793,12
S000443,U0100,1846074.0,191672.08,moderate,238148.48,buy,SZSE,788960,2026-01-05 11:57:00,153,15300,8.4831,129791.43,1.0654278195996483,-0.111222,1.2617757715631301,251716.94,1.2348646237429772,0.3129286685608755,2.2768153231996355,0.8661774863918551,0.5936013596968412,0,0,0,low,1.5707963267948966,11
S000315,U0162,1274528.0,137847.14,moderate,168911.73,buy,SZSE,495295,2026-01-05 11:58:00,21,2100,64.9336,136360.56,0.5823314686976969,-0.11476,1.3019276188027045,7685.6,0.06276306432669693,0.5016475129950102,2.339520531021029,1.0703901055846015,2.862253764353391,0,0,1,medium,1.5707963267948966,11
S000468,U0137,1342869.0,439569.75,conservative,104485.79,buy,SZSE,748796,2026-01-05 11:27:00,121,12100,26.8567,324966.07,2.3983980801055065,-0.031144,0.35299125396826464,1107302.35,0.15197513452088895,1.1962037994549652,1.3664307295820042,1.4781387917616897,0.06123709132448,1,1,0,medium_high,0.0,11
S000104,U0073,1357022.0,585035.8,moderate,66286.5,buy,SZSE,82876,2026-01-05 09:52:00,109,10900,52.5735,573051.15,0.9435834814456311,-0.15491,1.7575795879007567,134500.76,1.263206653215908,2.1237479110022868,0.851426924349652,2.24672515844018,0.8099196794870953,1,1,0,medium_high,1.5707963267948966,9
S000090,U0049,1459966.0,82585.64,conservative,113745.21,buy,SZSE,578798,2026-01-05 12:09:00,18,1800,35.146,63262.8,0.6015297159540068,0.192169,2.1804223454754603,25349.96,2.724567552003614,0.17415076133454913,1.3682376356862676,0.46968152777622996,0.7027698259747968,0,1,0,medium,0.0,12
S000453,U0147,1987339.0,321131.96,moderate,266439.23,buy,SZSE,479502,2026-01-05 10:57:00,55,5500,47.2945,260119.75,1.7754172613498067,0.082244,0.9329119419112405,75543.65,2.3347380008053826,0.6246021899180395,2.3668967322747596,1.199590093898769,0.7219860499204884,0,1,0,medium,1.5707963267948966,10
S000375,U0097,944237.0,446015.05,aggressive,100896.86,buy,SZSE,712969,2026-01-05 11:20:00,58,5800,51.2878,297469.24,0.7043025659872598,-0.037784,0.4283468971765104,23113.74,0.33109249482112263,1.5719853134336217,1.882976477815052,1.9966391404794643,2.624072193964469,1,0,1,medium_high,3.141592653589793,11
S000579,U0135,925467.0,128612.07,moderate,139673.68,buy,SZSE,982380,2026-01-05 12:19:00,28,2800,42.8078,119861.84,0.33582528251321164,-0.20859,2.366780028777057,30550.19,2.317754112965066,0.617536076947782,2.6666082353410134,1.2782133733472656,0.9232371723736841,0,1,0,medium,1.5707963267948966,12
S000283,U0071,441146.0,39664.32,moderate,50795.18,buy,SZSE,274686,2026-01-05 11:03:00,11,1100,28.7956,31675.16,1.053034233210596,-0.185991,2.11030982081574,38905.0,3.0793361730448328,0.3206213004739046,2.030364782674652,0.8033841878063924,0.24646745042298548,0,1,0,medium,1.5707963267948966,11
S000600,U0144,587925.0,230313.47,moderate,67090.8,buy,SSE,691557,2026-01-05 10:58:00,40,4000,52.3264,209305.6,1.1928898921699025,-0.213985,2.428006488883757,19351.93,0.9381931637756211,1.782766288291843,2.012063478804326,2.241590553293025,2.151717340712252,1,1,1,high,1.5707963267948966,10
S000392,U0161,1677870.0,258134.81,moderate,95534.93,buy,SZSE,188838,2026-01-05 11:54:00,72,7200,28.3287,203966.64,0.5356092036912693,0.020878,0.2364850742731063,173611.77,2.716328899974324,0.5766248735845707,0.9953106031387052,0.7604952674876728,0.38739703306739864,0,0,0,low,1.5707963267948966,11
S000261,U0082,1227965.0,73481.11,moderate,105067.34,buy,SZSE,202346,2026-01-05 10:54:00,17,1700,29.7379,50554.43,0.38367685618177516,-0.238251,2.7033950488372644,327382.78,1.044922367896168,0.16302585718740867,1.504323219161458,0.49756567707217936,0.0,0,1,0,medium,1.5707963267948966,10
S000221,U0012,1112310.0,346734.33,aggressive,23021.16,buy,SZSE,144145,2026-01-05 09:59:00,60,6000,53.578,321468.0,0.3443066210370076,-0.134123,1.5216732994414488,81755.97,2.797035695096206,1.438083378110651,0.3508365784686303,1.426864453503733,0.728217331550827,0,0,0,low,3.141592653589793,9
S000172,U0019,1515260.0,763500.55,moderate,64506.15,buy,SZSE,102069,2026-01-05 12:20:00,379,37900,16.462,623909.8,0.4145830381394119,-0.015257,0.17269379859937894,126587.33,0.4598980869036514,2.0695495980290675,0.7398219755406789,2.1613455496071174,3.141592653589793,1,0,1,medium_high,1.5707963267948966,12
S000455,U0028,557538.0,20026.95,moderate,70877.03,buy,SZSE,49237,2026-01-05 11:32:00,15,1500,10.546,15819.0,1.2059748920255688,-0.12159,1.379439522885885,24642.8,3.0621123244657986,0.09719285387851803,2.243425526460433,0.6436662656137798,0.5945319675180802,0,0,0,low,1.5707963267948966,11
S000357,U0124,1967747.0,1030622.29,aggressive,176845.72,buy,SZSE,538662,2026-01-05 09:41:00,1161,116100,6.7655,785474.55,0.4569321129695073,-0.05034,0.570841694785356,2696490.45,3.096346723189452,2.0048479095133733,1.580967264506382,2.3377069811722015,0.4043127389521869,1,0,0,medium,3.141592653589793,9
S000193,U0115,1840606.0,623900.25,aggressive,308774.02,buy,SSE,655519,2026-01-05 10:20:00,136,13600,42.6884,580562.24,0.023571437432642228,0.025083,0.2842065320578463,185334.75,2.674975666002061,1.5739528442635906,2.9659692402346955,2.307889317682577,0.7281275276291217,1,0,0,medium,3.141592653589793,10
S000361,U0177,1828563.0,141100.65,moderate,253703.36,buy,SZSE,447720,2026-01-05 11:16:00,26,2600,48.1762,125258.12,1.2814830043586842,-0.125627,1.4252543921075245,34158.75,0.0378871344130146,0.30363799662482355,2.4500549577605533,0.9064837660417387,0.7573267228427204,0,0,0,low,1.5707963267948966,11
S000219,U0083,1523594.0,756336.92,moderate,44306.04,buy,SZSE,986335,2026-01-05 09:44:00,842,84200,7.8246,658831.32,0.22004809752873067,-0.08632,0.9791694120493142,1612099.59,0.6810619010879977,2.175880944254812,0.49991371191519923,2.197797193238005,0.502275362961796,1,0,0,medium,1.5707963267948966,9
S000330,U0072,607554.0,98871.08,aggressive,99870.13,buy,SZSE,409473,2026-01-05 12:19:00,11,1100,78.1431,85957.41,1.2376185816809269,-0.071422,0.8100958619715363,31820.66,3.0223588287516505,0.6790979167529904,2.9059337579662308,1.4073398708540188,0.3136841374759497,0,0,0,low,3.141592653589793,12
S000415,U0070,1671078.0,164119.48,moderate,11061.9,buy,SZSE,291312,2026-01-05 10:50:00,27,2700,55.4912,149826.24,2.993762692648873,-0.009556,0.10799462360988961,28696.54,2.1243457575590083,0.4124869941481878,0.10050708480396606,0.34289784813761526,0.9492444308124722,0,1,0,medium,1.5707963267948966,10
S000399,U0126,1697169.0,855353.06,moderate,150372.13,buy,SZSE,802861,2026-01-05 09:59:00,336,33600,19.2476,646719.36,2.458470386796469,-0.058552,0.6640375595483249,551548.63,2.3061026859851315,1.9116426444618617,1.5583753366341202,2.239242097913053,0.5950623552459167,1,1,0,medium_high,1.5707963267948966,9
S000596,U0097,1000669.0,77692.53,aggressive,89139.97,buy,SZSE,396734,2026-01-05 12:03:00,9,900,64.8451,58360.59,1.1876639587180797,-0.133553,1.5152045168166446,44050.46,2.0850721833222945,0.25126887407780235,1.5668868762241672,0.6025478795295156,0.16271936701462353,0,0,0,low,3.141592653589793,12
S000379,U0196,779156.0,253842.96,conservative,78055.37,buy,SZSE,505383,2026-01-05 11:55:00,552,55200,4.0745,224912.4,0.042487357523418035,0.086828,0.984934572704403,959560.3,1.4659734774319362,1.4362941618360812,1.7642578920718348,1.8287778578376868,0.5588307975213213,1,0,0,medium,0.0,11
S000422,U0145,1362885.0,96685.86,conservative,14499.95,buy,SZSE,861021,2026-01-05 12:07:00,87,8700,9.1789,79856.43,0.35592236727611937,-0.02685,0.30425975819473944,135905.23,2.109841464018769,0.25266874108657356,0.1719855944224216,0.20553946600939374,0.6281202359705068,0,0,0,low,0.0,12
S000558,U0165,288139.0,25873.54,conservative,3905.52,buy,SZSE,934904,2026-01-05 09:34:00,3,300,61.9156,18574.68,1.1153997278991605,0.129636,1.470751496568648,34442.57,1.2886958161285342,0.2828712447900004,0.22382464758374065,0.2501609308431867,0.037560143210751996,0,0,0,low,0.0,9
S000549,U0112,742974.0,202837.36,moderate,33766.26,buy,SZSE,730136,2026-01-05 12:05:00,28,2800,54.037,151303.6,0.44550074365482584,-0.082379,0.9344440220065888,83121.47,2.990950634284,0.9989157727919085,0.7909724802878942,1.1190219744445353,0.3042541917853457,0,0,0,low,1.5707963267948966,12
S000449,U0054,1639201.0,626364.92,aggressive,206612.71,buy,SZSE,481223,2026-01-05 12:25:00,143,14300,34.434,492406.2,0.20668077050753042,-0.13179,1.4951966856455394,154959.92,2.1227726816051957,1.4966538446257087,2.224215701451766,2.01973125235183,0.9299589051483659,1,0,0,medium,3.141592653589793,12
S000527,U0076,853841.0,216629.4,conservative,48753.65,buy,SSE,605796,2026-01-05 12:28:00,46,4600,46.9001,215740.46,1.017582007709973,0.207261,2.351697551393961,147129.17,2.3386840218420657,1.251131782174065,0.9981734494503417,1.427187874002428,0.2784064661159129,1,1,0,medium_high,0.0,12
S000514,U0124,1261486.0,619236.53,aggressive,203301.26,buy,SZSE,562195,2026-01-05 09:55:00,353,35300,14.166,500059.8,1.9766185801344225,0.104981,1.1909482761922472,721947.65,0.5559623693034345,1.9906012144771394,2.848663850319703,2.6857026636590673,0.4666686953083299,1,1,0,medium_high,3.141592653589793,9
S000188,U0043,1178128.0,550498.73,moderate,112611.09,buy,SZSE,417371,2026-01-05 10:50:00,489,48900,9.9178,484980.42,0.9242123808226678,-0.13086,1.4846423560998063,1083353.6,0.5351924342522463,2.069047631751795,1.6825528736211794,2.4300983850161555,0.42654107826466103,1,0,0,medium,1.5707963267948966,10
S000525,U0060,1485150.0,99069.25,aggressive,113845.76,buy,SZSE,552503,2026-01-05 09:51:00,27,2700,26.3719,71204.13,1.1802888817408657,0.076558,0.8683829980434565,421362.14,1.205189479054951,0.1978799733665818,1.3459483703658668,0.48674109567968615,0.012975011560634166,0,0,0,low,3.141592653589793,9
S000546,U0028,1809858.0,308717.94,moderate,235358.44,buy,SZSE,224396,2026-01-05 10:35:00,33,3300,64.9899,214466.67,3.072514686496185,0.021201,0.24015071776049537,38691.85,1.3141049921282548,0.5608632765292159,2.2953061912769432,1.1162202326401198,0.8552897739815646,0,1,0,medium,1.5707963267948966,10
S000225,U0017,746978.0,100296.29,conservative,54856.48,buy,SZSE,826235,2026-01-05 11:04:00,13,1300,54.6512,71046.56,2.256514274977466,-0.146322,1.6601165963537066,128508.02,2.096137039607587,0.4405437039130318,1.28872007437453,0.7099547707475624,0.05257320191724584,0,1,0,medium,0.0,11
S000245,U0187,331481.0,78047.97,moderate,27024.25,buy,SZSE,230938,2026-01-05 12:28:00,9,900,69.0929,62183.61,0.14075449646590454,-0.102892,1.167240755309412,12025.5,2.5773916322570685,0.916330307356405,1.4325456035428674,1.2207296967177679,0.7437199871431934,0,0,0,low,1.5707963267948966,12
S000446,U0103,1932646.0,621226.76,moderate,227059.64,buy,SZSE,453587,2026-01-05 09:38:00,244,24400,21.5197,525080.68,0.0488080289640459,0.031873,0.36126448648314585,351632.41,2.5276397724297044,1.348981097023988,2.072024451314137,1.8304818084864338,0.6855205321573005,1,0,0,medium,1.5707963267948966,9
S000134,U0129,842743.0,379018.56,aggressive,149698.78,buy,SZSE,272451,2026-01-05 10:54:00,288,28800,8.7815,252907.2,0.05138354412718227,-0.071498,0.8109583663215102,131921.12,1.1529846872318108,1.4951413091586794,3.141592653589793,2.2802452959176938,2.275739973621199,1,0,1,medium_high,3.141592653589793,10
S000210,U0110,344401.0,48594.11,moderate,3223.06,buy,SZSE,28416,2026-01-05 10:16:00,10,1000,33.6494,33649.4,2.43926637776127,-0.110444,1.2529464507173447,31626.85,2.453518566470393,0.45387948218126506,0.1492108597914568,0.39767064340116554,0.2821829292491243,0,1,0,medium,1.5707963267948966,10
S000303,U0137,1552189.0,233013.84,moderate,183949.1,buy,SZSE,195267,2026-01-05 10:36:00,152,15200,13.0283,198030.16,0.4974028478819684,-0.161883,1.836714362010862,403489.84,2.6021609129535435,0.6075875035303567,2.090217280356828,1.103772149416394,0.3468143098236013,0,1,0,medium,1.5707963267948966,10
S000550,U0020,1197770.0,630548.91,aggressive,87729.51,buy,SZSE,55856,2026-01-05 11:38:00,102,10200,45.816,467323.2,0.12499026942710989,0.04512,0.5116012644318856,37057.18,0.8241851505806524,1.9584762987738316,1.2852730644419403,2.2074771057863414,2.8837376174088742,1,0,1,medium_high,3.141592653589793,11
S000123,U0015,736671.0,151168.8,moderate,32989.37,buy,SZSE,112062,2026-01-05 11:38:00,60,6000,19.8707,119224.2,1.3730031002227974,0.106001,1.2025239924682127,93033.58,0.9533906772277098,0.7838474286928586,0.779133786558415,0.9033247786676276,0.6332205861682876,0,0,0,low,1.5707963267948966,11
S000246,U0148,590705.0,15641.59,aggressive,75503.54,buy,SZSE,48195,2026-01-05 11:13:00,3,300,48.9425,14682.75,0.2820794090417654,-0.135203,1.5339299402042357,1291.46,0.5374853924222105,0.07910092326824589,2.2557729849142794,0.6293323584991856,2.4250479097791007,0,0,1,medium,3.141592653589793,11
S000397,U0175,1230730.0,895477.57,aggressive,104610.14,buy,SZSE,231119,2026-01-05 09:44:00,88,8800,78.645,692076.0,2.2091466907355324,-0.198162,2.2484353529674808,33298.12,1.1711417164614115,2.8442284894524974,1.49429872246728,3.141592653589793,2.7665856785953924,1,1,1,high,3.141592653589793,9
S000159,U0153,717202.0,8508.71,conservative,74087.47,buy,SZSE,822313,2026-01-05 10:03:00,1,100,72.8848,7288.48,1.3668898528221538,0.268329,3.0447424940808814,4585.65,1.8534300835472972,0.003505326668233208,1.819763394407222,0.4301778063424865,0.17741282627086283,0,1,0,medium,0.0,10
S000129,U0130,551806.0,42387.98,aggressive,773.46,buy,SZSE,405101,2026-01-05 09:48:00,7,700,44.7167,31301.69,3.1415926535897927,0.019131,0.21665882296515365,47395.26,2.6596715033327643,0.24305966500067655,0.007717895072447568,0.1491376837679622,0.10226232045596692,0,1,0,medium,3.141592653589793,9
S000298,U0010,1024548.0,296190.98,moderate,150851.11,buy,SSE,627391,2026-01-05 11:10:00,98,9800,27.4654,269160.92,1.9927169903487472,-0.133331,1.512685096215405,229002.96,1.9741569974263473,1.3027912477744128,2.6010675666562713,1.9359802749778836,0.401517605236897,1,1,0,medium_high,1.5707963267948966,11
S000100,U0173,700667.0,160760.36,conservative,47704.66,buy,SZSE,834098,2026-01-05 10:25:00,44,4400,28.7829,126644.76,0.9311380390465828,0.038684,0.43856076447883297,59606.3,3.1275149569183847,0.8811179157693273,1.193524521745374,1.1177023903683578,0.7327935941769907,1,0,0,medium,0.0,10
S000337,U0047,1674829.0,102896.42,moderate,259091.18,buy,SZSE,902351,2026-01-05 11:53:00,12,1200,78.5577,94269.24,1.2202410565533666,-0.037083,0.4203914294221459,13139.16,1.2392372416484905,0.2407959550318069,2.7337329921644016,0.9254657254803881,0.919794724302416,0,0,0,low,1.5707963267948966,11
S000028,U0035,718320.0,69340.85,moderate,65328.15,buy,SSE,643245,2026-01-05 10:27:00,11,1100,53.4044,58744.84,1.285815862082797,-0.063307,0.7180008251289287,13211.42,1.381827245055107,0.3719594809044699,1.600058300687409,0.7311678643739753,0.8336347488850667,0,0,0,low,1.5707963267948966,10
S000047,U0144,1822972.0,488060.12,moderate,27718.91,buy,SZSE,255665,2026-01-05 10:34:00,77,7700,55.3745,426383.65,1.3826137474087292,-0.011766,0.13307534220781478,106063.28,0.8272246532710701,1.1545366370389467,0.25318487121767663,1.1190566121298542,0.719771171271247,0,0,0,low,1.5707963267948966,10
S000597,U0199,1751416.0,951251.48,aggressive,246163.94,buy,SZSE,259166,2026-01-05 10:00:00,300,30000,22.6573,679719.0,0.5617619180659364,0.037305,0.42291085002338547,291116.02,2.3532683022952106,1.9478565506046084,2.482183245602635,2.538836440064416,1.0449609957386687,1,0,1,medium_high,3.141592653589793,10
S000093,U0096,1873130.0,1030074.06,aggressive,21858.25,buy,SZSE,49472,2026-01-05 09:53:00,325,32500,23.7647,772352.75,1.5362054872380968,0.058916,0.668168501435042,1721456.29,0.9819993297436597,2.0725423089356174,0.19030557018930763,2.007355491802435,0.14614931546343832,1,1,0,medium_high,3.141592653589793,9
S000155,U0068,1004080.0,190448.12,aggressive,167468.07,buy,SZSE,394251,2026-01-05 10:03:00,19,1900,73.28,139232.0,0.178736142898556,-0.055344,0.6276307969862688,25218.67,1.0054621575293408,0.66461636714509,2.948735079709679,1.4052679074958583,0.7490599568419334,0,0,0,low,3.141592653589793,10
S000253,U0131,1608676.0,199847.12,moderate,201864.18,buy,SZSE,300254,2026-01-05 10:11:00,34,3400,56.8191,193184.94,1.1757601235345452,-0.05673,0.6433601526318454,14844.67,0.653333104614011,0.5690444985555232,2.214255578343824,1.1011483193592977,2.3902771340389632,0,0,1,medium,1.5707963267948966,10
S000230,U0038,1107507.0,162471.83,conservative,44910.5,buy,SSE,669127,2026-01-05 12:27:00,53,5300,29.2929,155252.37,0.967615861189349,0.066049,0.7491190741766711,97472.81,1.0335642262635543,0.6724136418179809,0.7039004474555068,0.7718300690952874,0.5251707713573773,0,0,0,low,0.0,12
S000533,U0168,1110330.0,79829.78,moderate,72190.68,buy,SZSE,853453,2026-01-05 10:27:00,9,900,60.604,54543.6,1.299667178530627,0.139739,1.5854078314079412,12229.68,1.7549128691517384,0.20394915054499924,1.1389792883759375,0.4336213610931977,0.7303778580048864,0,0,0,low,1.5707963267948966,10
S000339,U0012,1216559.0,547568.55,moderate,46979.8,buy,SZSE,714350,2026-01-05 11:40:00,694,69400,7.519,521818.6,0.34539559724692426,-0.142814,1.6203052113575427,737698.02,0.6181655252397912,2.1579298749407547,0.6695078809572313,2.2285127447609887,0.9491210972458018,1,0,0,medium,1.5707963267948966,11
S000006,U0004,1486867.0,1087068.34,aggressive,71571.53,buy,SZSE,709787,2026-01-05 11:34:00,1145,114500,6.4418,737586.1,0.5962231175977458,-0.136795,1.5519971365878995,1752094.71,0.0490053153069112,2.503329901852386,0.8387792929301526,2.6178372296521717,0.6423772759306586,1,0,0,medium,3.141592653589793,11
S000242,U0193,1587683.0,84528.6,moderate,101198.95,buy,SZSE,451706,2026-01-05 11:33:00,18,1800,35.5842,64051.56,0.42177373819219544,0.043277,0.4906855339450186,11942.09,1.1445060744638031,0.15877383188759497,1.1162653707794827,0.38253692064375544,1.5540532345122922,0,0,1,medium,1.5707963267948966,11
S000480,U0182,956349.0,639847.6,aggressive,104420.09,buy,SZSE,383098,2026-01-05 09:45:00,96,9600,51.5604,494979.84,0.4367658868599381,-0.133322,1.5125829575423817,497176.89,2.8272707481745725,2.6139666751403516,1.9244232868337514,3.0371231599789277,0.1507373241435707,1,0,0,medium,3.141592653589793,9
S000505,U0165,514174.0,221025.56,conservative,43213.28,buy,SZSE,836058,2026-01-05 10:12:00,22,2200,68.4724,150639.28,1.6398771747779475,-0.079967,0.9070708576363646,25875.96,1.6492501572032678,1.4584768320764687,1.4773275689423817,1.7687280467676942,0.8524251249832424,1,1,0,medium_high,0.0,10
S000234,U0021,442489.0,150900.46,aggressive,63171.86,buy,SZSE,793762,2026-01-05 11:50:00,24,2400,55.9218,134212.32,1.463365078530333,0.115807,1.3138097510977393,150402.63,1.9304308183712142,1.511666993858807,2.521544314861772,2.1194707211692783,0.11494549596663595,1,1,0,medium_high,3.141592653589793,11
S000297,U0002,473792.0,78949.29,moderate,25365.43,buy,SSE,698439,2026-01-05 09:42:00,16,1600,35.2849,56455.84,0.42622183149407744,0.142114,1.6123610923446252,19760.67,0.6871942310774372,0.5642498640186088,0.9348284179734868,0.731004630472781,0.8091558656322103,0,0,0,low,1.5707963267948966,9
S000531,U0121,1483407.0,266580.71,moderate,45157.5,buy,SZSE,731035,2026-01-05 10:34:00,35,3500,59.795,209282.5,1.0945248029863124,0.062187,0.7052902347082607,39053.15,2.7889303545884254,0.6770463218769971,0.5241302726157799,0.7250602043690157,0.9015496854553094,0,0,0,low,1.5707963267948966,10
S000364,U0050,1422454.0,309669.95,moderate,128560.82,buy,SZSE,580686,2026-01-05 09:31:00,459,45900,5.7738,265017.42,1.0905088431010639,0.103751,1.1769893242124065,2724795.58,0.6727165998414998,0.9097282443831749,1.5899905918897634,1.2591791526502683,0.12442915315856909,0,0,0,low,1.5707963267948966,9
S000456,U0068,1123701.0,34345.01,moderate,87111.42,buy,SZSE,486020,2026-01-05 10:53:00,7,700,39.4892,27642.44,0.654774314662158,-0.156011,1.7700745522339314,11513.33,1.4544553619735108,0.07777946115919418,1.3613448606141925,0.372574929350169,0.5937778708532966,0,1,0,medium,1.5707963267948966,10
S000077,U0055,1741512.0,424016.79,moderate,225719.92,buy,SZSE,277953,2026-01-05 09:31:00,91,9100,43.64,397124.0,2.0577847593359944,0.009213,0.10410200529356005,155624.15,2.502710517907418,1.1243849113119129,2.2876412888252093,1.6703410729063153,0.568952265443749,1,1,0,medium_high,1.5707963267948966,9
S000087,U0058,1854144.0,1025183.51,conservative,17194.1,buy,SZSE,712910,2026-01-05 12:16:00,358,35800,20.8962,748083.96,0.8190022983196009,-0.096465,1.0943023940293826,172878.39,2.5076430442032716,2.026925679759976,0.14769736920456703,1.9501535891878181,2.155820450928099,1,0,1,medium_high,0.0,12
S000515,U0018,1356053.0,681984.6,aggressive,70489.74,buy,SZSE,439982,2026-01-05 10:40:00,85,8500,70.3196,597716.6,0.5765005484625872,-0.085642,0.9714749653482313,101245.06,0.8923073380720334,2.218877645925063,0.9071673369265243,2.3565572463028865,0.8410390341776325,1,0,0,medium,3.141592653589793,10
S000344,U0142,1759655.0,434981.11,aggressive,47611.63,buy,SZSE,180435,2026-01-05 09:58:00,53,5300,62.2083,329703.99,0.4716419344717159,0.101,1.1457689364916408,103058.76,2.205399162636816,0.9151740408726808,0.4639464821403513,0.9429518143241774,0.4937002096531792,0,0,0,low,3.141592653589793,9
S000179,U0108,677942.0,39704.01,aggressive,22319.14,buy,SZSE,918555,2026-01-05 10:18:00,8,800,41.4243,33139.44,0.7218356591448082,-0.250417,2.8414638372817707,14734.84,2.0374266455347807,0.20270743095206645,0.5682341814287816,0.2693879950756023,0.5243054075268184,0,1,0,medium,3.141592653589793,10
S000464,U0094,700466.0,94996.86,moderate,112731.78,buy,SZSE,204843,2026-01-05 10:23:00,10,1000,65.0975,65097.5,0.1217867203651326,-0.114356,1.2973427272581062,35758.46,2.6470335710936586,0.4293415781422175,2.844718211835164,1.1432963385732802,0.24317225515555993,0,0,0,low,1.5707963267948966,10
S000153,U0070,1524494.0,73067.48,conservative,95911.18,buy,SZSE,247673,2026-01-05 10:24:00,9,900,73.5849,66226.41,0.8639902678806056,0.185737,2.1074272404881955,34363.19,1.0366837158668776,0.17471605860365527,1.1015666759797478,0.39407711052032757,0.22422266663495535,0,1,0,medium,0.0,10
S000020,U0024,1093006.0,137707.38,conservative,119643.7,buy,SZSE,561952,2026-01-05 11:24:00,85,8500,13.9851,118873.35,1.0917476255620802,-0.079753,0.9046422269667014,330354.31,0.07462778974104704,0.5107490665508988,1.9293459100773516,0.9622273814737182,0.21930149715135014,1,0,0,medium,0.0,11
S000096,U0021,1614230.0,106740.6,conservative,82991.09,buy,SZSE,199472,2026-01-05 10:26:00,113,11300,7.8737,88972.81,3.093470276313472,-0.174151,1.9759407220829643,132200.88,2.6851340039410885,0.23478650757030178,0.8970423676460941,0.3949657550658159,0.8572833996869612,0,1,0,medium,0.0,10
S000412,U0175,273881.0,23119.68,moderate,34763.58,buy,SZSE,214412,2026-01-05 10:08:00,8,800,25.1897,20151.76,0.08965904128314461,-0.020525,0.23247896854230649,2764.13,2.3941949393986426,0.32976097609717653,2.239948641493347,0.8722650849808312,3.0350698257947997,0,0,1,medium,1.5707963267948966,10
S000564,U0039,275939.0,22718.55,moderate,28171.24,buy,SZSE,310230,2026-01-05 12:21:00,3,300,70.2026,21060.78,0.19712774111048315,0.139376,1.581288238262671,3274.91,2.7157956538882853,0.34388579370071015,1.7982741753975269,0.7600648866293276,0.9227356158692253,0,0,0,low,1.5707963267948966,12
S000085,U0182,1366218.0,117722.85,moderate,169353.32,buy,SSE,610757,2026-01-05 09:54:00,24,2400,44.6298,107111.52,0.14258674215243106,-0.107795,1.2228836346241754,120155.75,2.018816357132047,0.35456604328861474,2.1871029063660563,0.8816597191150387,0.157838988372982,0,0,0,low,1.5707963267948966,9
S000034,U0180,1198240.0,476291.53,moderate,125880.39,buy,SZSE,133895,2026-01-05 10:50:00,110,11000,38.4574,423031.4,0.3867651696659833,-0.107789,1.2228155421754932,54547.63,1.5047671301912156,1.7675208053795233,1.8509490182143955,2.1805251266903056,2.097908560699819,1,0,1,medium_high,1.5707963267948966,10
S000033,U0153,1802805.0,624198.05,moderate,45146.13,buy,SSE,660458,2026-01-05 11:00:00,57,5700,74.9571,427255.47,0.7218529444814735,-0.019103,0.21634105820463695,72391.74,1.0781435990563484,1.1704853460498656,0.42811066695176964,1.184760847568758,0.7853364699185359,0,0,0,low,1.5707963267948966,11
S000169,U0005,883641.0,338239.37,moderate,112891.72,buy,SZSE,458557,2026-01-05 10:52:00,106,10600,21.3738,226562.28,0.15498609032037203,-0.085059,0.9648586490846157,96083.07,1.364016825781431,1.270299670837312,2.2546718764999896,1.8049722198054332,1.122586501907056,1,0,1,medium_high,1.5707963267948966,10
S000012,U0136,1147057.0,663633.92,moderate,89819.83,buy,SZSE,842507,2026-01-05 10:27:00,117,11700,46.0418,538689.06,1.9149387371335829,0.160006,1.815412774314796,211331.89,0.757689363651688,2.367303625900008,1.375263603620472,2.636774190572943,0.5357316484805392,1,1,0,medium_high,1.5707963267948966,10
S000158,U0094,365586.0,141873.4,moderate,22939.57,buy,SZSE,273493,2026-01-05 09:42:00,23,2300,44.8676,103195.48,0.20288951999893146,-0.073251,0.8308527100781449,97286.55,1.0440958364628088,1.403432939751681,1.0986138489094501,1.6062261587088795,0.1970005458688884,1,0,0,medium,1.5707963267948966,9
S000317,U0187,833328.0,74072.83,moderate,46967.22,buy,SZSE,793492,2026-01-05 09:30:00,7,700,72.4611,50722.77,1.3257853222319635,0.082083,0.9310847945382695,54342.74,2.4309355947266753,0.2643679456901239,0.9850463948582123,0.4493029890547414,0.08209957812502433,0,0,0,low,1.5707963267948966,9
S000598,U0198,710110.0,62050.51,conservative,24757.34,buy,SSE,632518,2026-01-05 10:32:00,17,1700,34.2346,58198.82,0.8378894095159347,0.034822,0.3947319250104225,44756.31,2.769013613274898,0.37286797967359486,0.6027718552374673,0.4472350379797775,0.3501474128106527,0,0,0,low,0.0,10
S000102,U0004,1825843.0,36057.62,moderate,282134.66,buy,SZSE,938991,2026-01-05 09:39:00,4,400,67.8122,27124.88,1.2814830043586842,0.059954,0.6799484950570539,2398.45,1.3732953076784957,0.027652955399359476,2.7306364804043834,0.7141659920871206,1.7254050969353611,0,0,1,medium,1.5707963267948966,9
S000341,U0163,1028530.0,168624.78,moderate,132492.0,buy,SZSE,57950,2026-01-05 09:57:00,38,3800,38.983,148135.4,1.0114169042993333,-0.045529,0.5162428996837187,62551.22,1.8843316942332113,0.692192306707914,2.273511108818834,1.239643752072442,0.5932559189278558,0,0,0,low,1.5707963267948966,9
S000388,U0023,215145.0,45055.55,moderate,13652.6,buy,SZSE,163169,2026-01-05 11:55:00,6,600,59.1045,35462.7,1.2893708796569698,0.021512,0.2436801763505201,25080.25,0.8628188295141205,0.799228885456857,1.111244408880666,1.0133617469153429,0.20000871029024506,0,0,0,low,1.5707963267948966,11
S000205,U0059,1022792.0,59926.48,moderate,131492.97,buy,SZSE,731282,2026-01-05 11:36:00,9,900,52.9414,47647.26,0.7464787874507018,-0.075504,0.8564214245582922,9612.12,1.1828731303542521,0.19089046465858306,2.268992509851278,0.7434668836586826,0.9443730218847703,0,0,0,low,1.5707963267948966,11
S000500,U0141,1480308.0,526157.88,conservative,56361.48,buy,SZSE,189539,2026-01-05 11:22:00,246,24600,17.8488,439080.48,0.1844863982292274,-0.092191,1.0457978730847979,545848.46,0.6505069003580085,1.4772081947724454,0.6598555774011525,1.5537458500141266,0.4257917868037736,1,0,0,medium,0.0,11
S000469,U0179,1098901.0,177620.16,aggressive,125015.08,buy,SZSE,473222,2026-01-05 11:57:00,37,3700,37.422,138461.4,2.164101103385643,-0.071639,0.8125585388655406,46647.31,2.0157501921373275,0.5994520691423371,2.0058251092497876,1.0716379764471862,0.7915335812100567,0,1,0,medium,3.141592653589793,11
S000025,U0157,617652.0,67382.46,moderate,15323.85,buy,SZSE,153410,2026-01-05 10:41:00,16,1600,33.7894,54063.04,0.946614177140955,0.023552,0.26683160890245106,17898.81,1.6646609690897718,0.4015365460476016,0.4239795542947334,0.4244727459438643,0.8990931584412414,0,0,0,low,1.5707963267948966,10
S000326,U0168,507246.0,57930.1,conservative,42816.98,buy,SZSE,826100,2026-01-05 10:38:00,12,1200,32.7411,39289.32,1.2224247707520886,0.042235,0.4788601453572186,27948.93,2.108055089630541,0.34971013563125025,1.4838469060832542,0.6760127340736511,0.40302579856646437,0,0,0,low,0.0,10
S000185,U0059,456961.0,106326.12,aggressive,54943.12,buy,SZSE,119622,2026-01-05 10:09:00,165,16500,4.8673,80310.45,0.6520720403634758,-0.136072,1.5437919965217004,314421.76,0.6724499767984806,0.8553953466214604,2.120917968336196,1.3571769858299572,0.5049156623293181,0,0,0,low,3.141592653589793,10
S000292,U0151,603833.0,54837.83,moderate,26454.36,buy,SZSE,334780,2026-01-05 10:21:00,74,7400,5.6645,41917.3,1.7981417172858465,0.075294,0.854038188854417,126541.86,0.3263732669596845,0.30836003974867743,0.761867261412694,0.4289910339189612,0.5689998903534762,0,1,0,medium,1.5707963267948966,10
S000594,U0084,1778853.0,339701.25,moderate,164200.01,buy,SZSE,271165,2026-01-05 09:37:00,43,4300,74.2221,319155.03,0.3359232327543151,-0.034551,0.39165641607827867,16460.49,2.6516194874335874,0.8742617571269932,1.624259390387983,1.2339538774038934,2.734041847905391,0,0,1,medium,1.5707963267948966,9
S000459,U0093,1292407.0,230722.64,moderate,143517.24,buy,SZSE,712739,2026-01-05 11:55:00,113,11300,15.5478,175690.14,0.10149373512001747,-0.076864,0.8718557129262462,98793.31,0.8613790650818174,0.6505920765586508,1.9575047305383317,1.1083229927526188,1.1659295478334728,0,0,1,medium,1.5707963267948966,11
S000572,U0115,1825240.0,364167.36,moderate,128041.73,buy,SSE,689058,2026-01-05 12:11:00,255,25500,10.4341,266069.55,1.8968064189716363,0.00992,0.1121255654966067,382394.07,1.0464687815456788,0.7011750696381777,1.2302635232447081,0.9505552433472074,0.6566304717276933,0,1,0,medium,1.5707963267948966,12
S000307,U0013,1594750.0,414407.53,moderate,43017.31,buy,SZSE,754943,2026-01-05 09:57:00,45,4500,69.0589,310765.05,1.096771896752807,0.101269,1.1488217479408904,61407.82,2.7771722783912827,0.9537541389792059,0.4624699796914093,0.9806163864019616,0.7270579960241269,0,0,0,low,1.5707963267948966,9
S000557,U0165,474509.0,92904.57,aggressive,56883.69,buy,SZSE,345616,2026-01-05 10:55:00,11,1100,78.3492,86184.12,0.3840283246939703,-0.049587,0.5622960924757461,49482.67,0.9948505604171803,0.8856408083900223,2.11457219091954,1.385222946952044,0.18192822298100758,0,0,0,low,3.141592653589793,10
S000165,U0114,622325.0,112482.45,moderate,14250.98,buy,SZSE,992837,2026-01-05 12:22:00,35,3500,27.6234,96681.9,2.6541000653959554,0.081719,0.9269538526515524,31056.93,0.24841268918089865,0.7504796101205725,0.3900096839690625,0.7592483108161963,1.1479477273775713,0,1,1,medium_high,1.5707963267948966,12
S000503,U0035,1258482.0,544254.1,aggressive,54237.29,buy,SZSE,497744,2026-01-05 11:28:00,184,18400,22.349,411221.6,1.9827836835450623,0.174233,1.9768713188816203,216320.38,1.2122016650863534,1.6322983854364082,0.7491824640276606,1.7323634036572628,0.8528310045390117,0,1,0,medium,3.141592653589793,11
S000046,U0146,1136492.0,185439.55,moderate,132090.85,buy,SZSE,589413,2026-01-05 11:34:00,51,5100,25.8223,131693.73,0.36918598227732746,0.24772,2.8108562815991442,231148.9,1.612616151092443,0.547375061438234,2.049625466372997,1.0327371132608536,0.18015243318557392,0,1,0,medium,1.5707963267948966,11
S000189,U0041,821117.0,50528.68,conservative,11248.53,buy,SZSE,599991,2026-01-05 11:07:00,10,1000,39.0757,39075.7,0.6102645727488946,0.109198,1.2388059188743514,5336.28,1.0371369750400101,0.19605052570646042,0.2263990575504194,0.16518651182460106,1.9456127487592338,0,0,1,medium,0.0,11
S000305,U0113,1178705.0,154929.95,aggressive,2631.49,buy,SZSE,421979,2026-01-05 10:31:00,20,2000,71.7512,143502.4,1.1952349361775005,4e-05,0.0,26348.66,1.114804267471475,0.5775661954022658,0.022492522251527168,0.4835831240734728,0.7550842943578071,0,0,0,low,3.141592653589793,10
S000031,U0193,1527356.0,173353.68,moderate,184697.6,buy,SZSE,539437,2026-01-05 10:04:00,222,22200,6.4246,142626.12,2.7588607291457232,0.08409,0.9538617186224485,274303.25,0.6601053299066962,0.4316386770742879,2.133196251858977,0.9423500226330596,0.8087651491642913,0,1,0,medium,1.5707963267948966,10
S000144,U0172,1892129.0,666967.07,moderate,7701.05,buy,SSE,696533,2026-01-05 10:05:00,61,6100,74.424,453986.4,1.2926089993922778,0.130115,1.4761875437217729,96551.13,2.802181519826475,1.1856073052323777,0.0551685190593729,1.0931752523982177,0.6191906721789651,0,0,0,low,1.5707963267948966,10
S000374,U0103,1589534.0,314945.47,moderate,125246.55,buy,SZSE,100824,2026-01-05 09:51:00,453,45300,5.1694,234173.82,0.6492372451503591,-0.033737,0.3824185405404004,901992.9,1.4962618551189062,0.7091490640161452,1.3839757327278508,1.0023280697010644,0.48083454317676166,0,0,0,low,1.5707963267948966,9
S000543,U0123,1321923.0,74813.64,moderate,43007.51,buy,SSE,662801,2026-01-05 11:09:00,12,1200,48.864,58636.8,0.8814772668070464,-0.133115,1.5102337680628477,5984.03,1.011087903737044,0.17942668054132954,0.5613371384946354,0.2444353519330266,2.0858980069523154,0,0,1,medium,1.5707963267948966,11
S000201,U0070,514765.0,81308.82,moderate,57368.73,buy,SZSE,749166,2026-01-05 09:31:00,25,2500,22.5704,56426.0,0.4660184382765903,-0.057498,0.6520759860631606,97523.14,1.9345101509294065,0.5151574386290901,1.9646171226794715,0.9766529616410989,0.21828695843539012,0,0,0,low,1.5707963267948966,9
S000068,U0080,1262486.0,889146.52,aggressive,55817.38,buy,SZSE,248987,2026-01-05 09:59:00,936,93600,6.5799,615878.64,0.7472047715906461,-0.014066,0.1591774475359722,1479756.33,1.1384270690829674,2.4609520021072173,0.7690081059676398,2.5560747323295097,0.6199883360257413,1,0,0,medium,3.141592653589793,9
S000140,U0154,302823.0,49132.75,moderate,1106.53,buy,SZSE,817841,2026-01-05 12:17:00,10,1000,34.2482,34248.2,1.6375782250014566,-0.002459,0.027452605560353397,3377.7,2.475648279040979,0.5330679164301033,0.047770713642242175,0.4468738817036749,3.105945729005907,0,1,1,medium_high,1.5707963267948966,12
S000363,U0053,1325439.0,303959.94,conservative,86614.53,buy,SZSE,931864,2026-01-05 11:57:00,158,15800,16.1445,255083.1,1.562375486949429,-0.107759,1.2224750799320825,302375.88,2.04006621366067,0.941325676204052,1.1448561344475545,1.1632397731156983,0.5025191469727988,1,1,0,medium_high,0.0,11
S000138,U0187,655791.0,31035.0,moderate,91822.7,buy,SZSE,969340,2026-01-05 09:56:00,7,700,35.4172,24792.04,1.0609509174033236,-0.092728,1.0518921472418503,10088.39,2.662950966761899,0.14571663795793197,2.472702367839737,0.7570516111601719,0.6854784599276311,0,0,0,low,1.5707963267948966,9
S000091,U0034,1648384.0,140608.95,conservative,39862.23,buy,SZSE,987311,2026-01-05 11:28:00,80,8000,15.9111,127288.8,0.7069990785070538,-0.082095,0.9312209794356338,30337.96,1.7977325298606066,0.3484970718973357,0.41282549677245967,0.3689264434260541,2.7603586682574064,0,0,1,medium,0.0,11
S000203,U0193,1064050.0,343958.96,moderate,102894.9,buy,SZSE,207782,2026-01-05 12:02:00,464,46400,6.2023,287786.72,0.2846203535315712,0.055434,0.628652183716501,1416244.65,0.9448054152424948,1.3426710460001068,1.7024059010094468,1.7186877141405157,0.29439882537646095,1,0,0,medium,1.5707963267948966,12
S000528,U0168,1705041.0,395515.09,conservative,147675.27,buy,SZSE,207632,2026-01-05 10:09:00,264,26400,11.4954,303478.56,0.2548261948994047,-0.006524,0.07358523954250991,1160956.51,1.0909681674255671,0.8669193749234722,1.5229741320664243,1.197777913180499,0.187372732560068,1,0,0,medium,0.0,10
S000265,U0012,1814399.0,474098.51,moderate,113777.3,buy,SZSE,5943,2026-01-05 11:57:00,71,7100,57.796,410351.6,3.0975380922087163,0.1797,2.038914888372506,383760.6,1.498981410157701,1.1147638481252058,1.0979128525643063,1.3210510481755353,0.1421103814151832,0,1,0,medium,1.5707963267948966,11
S000302,U0097,286599.0,51866.12,aggressive,13859.44,buy,SSE,659191,2026-01-05 11:58:00,8,800,57.9882,46390.56,0.6746351664906395,-0.076368,0.8662267371685218,12085.06,0.6896738253775148,0.7839703350612509,0.8427359567250412,0.9216111910381818,0.6514228053095633,0,0,0,low,3.141592653589793,11
S000023,U0070,202572.0,46675.3,moderate,12874.09,buy,SZSE,186816,2026-01-05 10:04:00,18,1800,25.1235,45222.3,1.0228021793829072,0.140353,1.5923759586564143,21237.6,1.3880128996531502,1.0997244095851806,1.112942128846949,1.3104965594670968,0.8495881326029009,0,0,0,low,1.5707963267948966,10
S000512,U0057,1220640.0,183606.74,moderate,127773.41,buy,SZSE,939127,2026-01-05 10:11:00,113,11300,13.8751,156788.63,0.34425476502701147,0.052402,0.5942427996491213,285685.88,0.1549613126027029,0.6120462420106646,1.8442447403837843,1.0379229131100631,0.366917147279304,0,0,0,low,1.5707963267948966,10
S000520,U0169,979548.0,146563.87,aggressive,97945.4,buy,SZSE,592854,2026-01-05 10:19:00,28,2800,40.2704,112757.12,2.1943216336555547,0.041234,0.4675000551687466,13907.54,1.237050932695734,0.5434341862916379,1.7608971285185946,0.9463844495699861,2.0943960634339747,0,1,1,medium_high,3.141592653589793,10
S000495,U0096,1035433.0,479214.82,moderate,1720.34,buy,SZSE,178232,2026-01-05 10:27:00,95,9500,47.7168,453309.6,0.7686097801612318,-0.005583,0.0629060738408594,68138.75,3.0139602028965484,2.2035486134345645,0.012337500109014535,2.0858567267379975,1.4333251561769178,1,0,1,medium_high,1.5707963267948966,10
S000122,U0141,806621.0,221769.43,moderate,118356.71,buy,SZSE,785703,2026-01-05 11:28:00,22,2200,71.8934,158165.48,0.43378704717461025,0.06882,0.7805664367263774,93076.3,2.8212717297066425,0.9600123316442175,2.592082827859114,1.5950219848529366,0.19694736827910334,1,0,0,medium,1.5707963267948966,11
S000343,U0181,1580349.0,377722.3,aggressive,261764.19,buy,SZSE,986981,2026-01-05 10:43:00,47,4700,74.4357,349847.79,1.2433918841271523,-0.050274,0.5700926778498522,102253.86,1.941229051613488,1.0901199122631124,2.9282738819763097,1.81948231186192,0.435365781828956,0,0,0,low,3.141592653589793,10
S000058,U0097,1557994.0,679417.42,moderate,84278.52,buy,SZSE,478490,2026-01-05 12:17:00,303,30300,17.5957,533149.71,1.0260633462337694,0.116642,1.3232859502060053,1326733.97,3.079896081435173,1.7117458542456714,0.9447369710814054,1.8666454819182634,0.18842101448561055,1,0,0,medium,1.5707963267948966,12
S000073,U0003,364185.0,119139.22,conservative,26322.93,buy,SZSE,383541,2026-01-05 12:05:00,23,2300,49.4963,113841.49,1.0225256139962617,0.132431,1.5024712289130826,57673.54,2.643167536969882,1.5594108961305782,1.268112168882474,1.8086175060606695,0.3703951538594044,1,0,0,medium,0.0,12
S000296,U0068,1165342.0,494138.68,aggressive,175647.28,buy,SZSE,44275,2026-01-05 11:45:00,101,10100,47.6291,481053.91,0.9279056810901632,0.126799,1.4385551170834379,41369.95,0.4238773137917706,2.0749496583270703,2.6631151680635754,2.715978082951886,2.5515190610289555,1,0,1,medium_high,3.141592653589793,11
S000260,U0130,267432.0,133009.29,moderate,26828.87,buy,SZSE,407633,2026-01-05 10:22:00,22,2200,53.883,118542.6,1.1521425918707955,-0.012688,0.14353888182197178,44992.57,2.041692614223086,2.2316666477666436,1.766764371900552,2.6146874857659315,0.4666842855254154,1,0,0,medium,1.5707963267948966,10
S000590,U0194,1984077.0,22645.05,conservative,48279.39,buy,SZSE,527805,2026-01-05 11:19:00,4,400,50.169,20067.6,0.6959479865990098,-0.133946,1.5196645722053255,5121.46,0.4238773137917706,0.0032581248682646002,0.41550731460125584,0.02887162805790447,0.7785502406293358,0,0,0,low,0.0,11
S000373,U0188,273470.0,116713.36,moderate,1354.44,buy,SZSE,986073,2026-01-05 11:15:00,27,2700,30.0766,81206.82,0.7764342758917445,-0.024129,0.2733798327173845,468359.89,0.5011979962673105,1.4789336170341199,0.07086642706645527,1.3872311200862157,0.006109015886756372,1,0,0,medium,1.5707963267948966,11
