sample_id,user_id,total_asset,cash_available,risk_preference,current_stock_position_value,action,market,stock_code,trade_time,volume_lot,volume_share,estimated_price,estimated_amount,volatility_20d,return_5d,abs_return_5d,avg_volume_20d,turnover_rate,estimated_amount_ratio,current_position_ratio,holding_ratio_after_trade,trade_volume_to_avg_volume,concentration_risk,volatility_risk,liquidity_risk,overall_risk_level,risk_preference_code,trade_hour
S000001,U0132,677136.0,27362.24,conservative,70077.18,buy,SZSE,347602,2026-01-05 10:09:00,3,300,65.9994,19799.82,0.262316,0.193264,0.193264,9961.25,0.027732,0.02924054,0.10349056,0.13273109,0.0301167,0,1,0,medium,0,10
S000002,U0196,513683.0,156275.36,moderate,73900.43,buy,SZSE,459604,2026-01-05 11:48:00,94,9400,13.1867,123954.98,0.148245,-0.093438,0.093438,37083.24,0.119001,0.24130637,0.14386389,0.38517026,0.2534838,1,0,1,medium_high,1,11
S000003,U0163,438757.0,123719.01,moderate,12714.06,buy,SZSE,989098,2026-01-05 11:58:00,15,1500,75.2952,112942.8,0.558964,0.088368,0.088368,96293.93,0.029357,0.25741538,0.02897745,0.28639283,0.01557731,0,1,0,medium,1,11
S000004,U0119,868240.0,491924.87,moderate,18599.75,buy,SZSE,872930,2026-01-05 12:24:00,68,6800,55.5001,377400.68,0.148512,0.097181,0.097181,123038.65,0.018068,0.43467322,0.02142235,0.45609558,0.05526718,1,0,0,medium,1,12
S000005,U0005,1857038.0,603666.24,moderate,107044.73,buy,SZSE,440749,2026-01-05 10:45:00,594,59400,8.1846,486165.24,0.250133,-0.114595,0.114595,1528496.57,0.066692,0.26179606,0.05764272,0.31943879,0.03886172,1,0,0,medium,1,10
S000006,U0004,1486867.0,1087068.34,aggressive,71571.53,buy,SZSE,709787,2026-01-05 11:34:00,1145,114500,6.4418,737586.1,0.203699,-0.136795,0.136795,1752094.71,0.003925,0.4960673,0.0481358,0.5442031,0.06535035,1,0,0,medium,2,11
S000007,U0141,648963.0,9698.78,moderate,87144.48,buy,SSE,664451,2026-01-05 09:42:00,1,100,65.3505,6535.05,0.25521,0.127477,0.127477,335.72,0.005768,0.01006999,0.13428266,0.14435265,0.29786858,0,0,1,medium,1,9
S000008,U0003,918609.0,410689.29,moderate,58936.71,buy,SZSE,395688,2026-01-05 11:23:00,79,7900,51.0426,403236.54,0.590821,-0.168489,0.168489,88802.63,0.026118,0.43896428,0.06415864,0.50312292,0.08896133,1,1,0,medium_high,1,11
S000009,U0171,1597991.0,838619.12,aggressive,266145.33,buy,SZSE,434777,2026-01-05 12:00:00,115,11500,54.7937,630127.55,0.214369,-0.059315,0.059315,1160311.26,0.028382,0.39432484,0.16654996,0.5608748,0.00991113,1,0,0,medium,2,12
S000010,U0062,1980542.0,755474.13,conservative,67560.68,buy,SZSE,589652,2026-01-05 12:26:00,78,7800,67.0014,522610.92,0.382026,-0.020563,0.020563,82109.83,0.091562,0.26387268,0.03411222,0.29798489,0.09499472,1,1,0,medium_high,0,12
S000011,U0196,646843.0,208562.03,moderate,87795.98,buy,SZSE,907068,2026-01-05 11:15:00,34,3400,50.5654,171922.36,0.34366,-0.110235,0.110235,13064.96,0.053442,0.26578684,0.13572996,0.40151681,0.26023804,1,0,1,medium_high,1,11
S000012,U0136,1147057.0,663633.92,moderate,89819.83,buy,SZSE,842507,2026-01-05 10:27:00,117,11700,46.0418,538689.06,0.432572,0.160006,0.160006,211331.89,0.030505,0.46962711,0.07830459,0.5479317,0.05536315,1,1,0,medium_high,1,10
S000013,U0122,428596.0,5957.29,moderate,28231.26,buy,SZSE,065511,2026-01-05 10:58:00,1,100,56.5668,5656.68,0.14423,0.118753,0.118753,1420.96,0.091248,0.01319816,0.06586917,0.07906733,0.07037504,0,0,0,low,1,10
S000014,U0117,1681812.0,873978.58,moderate,28616.34,buy,SZSE,842518,2026-01-05 10:01:00,141,14100,45.144,636530.4,0.127394,0.053471,0.053471,54828.19,0.031224,0.37847893,0.01701519,0.39549411,0.25716697,1,0,1,medium_high,1,10
S000015,U0076,390740.0,84760.49,aggressive,21033.82,buy,SZSE,525132,2026-01-05 10:41:00,11,1100,69.7196,76691.56,0.172694,0.08601,0.08601,21634.16,0.097169,0.19627261,0.05383072,0.25010333,0.05084552,0,0,0,low,2,10
S000016,U0105,1332466.0,160410.36,moderate,73195.41,buy,SZSE,886610,2026-01-05 11:31:00,98,9800,13.6825,134088.5,0.207034,0.10271,0.10271,321698.93,0.043988,0.10063184,0.05493229,0.15556413,0.03046327,0,0,0,low,1,11
S000017,U0152,1279797.0,192897.63,moderate,162488.46,buy,SZSE,338107,2026-01-05 10:55:00,28,2800,57.872,162041.6,0.31826,-0.060463,0.060463,22422.32,0.078915,0.12661508,0.12696424,0.25357933,0.12487558,0,0,1,medium,1,10
S000018,U0132,1859302.0,258620.28,moderate,88262.76,buy,SZSE,375924,2026-01-05 12:29:00,90,9000,22.6306,203675.4,0.583485,0.106235,0.106235,49189.29,0.102068,0.10954401,0.04747091,0.15701492,0.18296666,0,1,1,medium_high,1,12
S000019,U0005,1188279.0,66221.17,conservative,89702.5,buy,SSE,682880,2026-01-05 10:37:00,21,2100,28.9723,60841.83,0.218265,-0.05207,0.05207,30379.21,0.114197,0.05120164,0.07548943,0.12669106,0.06912621,0,0,0,low,0,10
S000020,U0024,1093006.0,137707.38,conservative,119643.7,buy,SZSE,561952,2026-01-05 11:24:00,85,8500,13.9851,118873.35,0.289701,-0.079753,0.079753,330354.31,0.004886,0.10875819,0.10946299,0.21822118,0.02572995,1,0,0,medium,0,11
S000021,U0045,599867.0,80621.51,conservative,9918.17,buy,SZSE,339637,2026-01-05 10:06:00,11,1100,69.3878,76326.58,0.62284,-0.041956,0.041956,7235.88,0.040077,0.12723917,0.01653395,0.14377312,0.15202013,0,1,1,medium_high,0,10
S000022,U0027,1686073.0,1200077.02,moderate,51878.47,buy,SZSE,093944,2026-01-05 09:54:00,236,23600,34.4802,813732.72,0.106819,-0.119924,0.119924,321429.94,0.066217,0.4826201,0.03076882,0.51338892,0.07342191,1,0,0,medium,1,9
S000023,U0070,202572.0,46675.3,moderate,12874.09,buy,SZSE,186816,2026-01-05 10:04:00,18,1800,25.1235,45222.3,0.277735,0.140353,0.140353,21237.6,0.054146,0.22324063,0.06355314,0.28679377,0.08475533,0,0,0,low,1,10
S000024,U0198,1864719.0,1090321.5,moderate,48237.96,buy,SZSE,491238,2026-01-05 10:18:00,345,34500,27.6102,952551.9,0.30925,-0.189973,0.189973,409467.56,0.002667,0.51082866,0.02586876,0.53669741,0.08425576,1,1,0,medium_high,1,10
S000025,U0157,617652.0,67382.46,moderate,15323.85,buy,SZSE,153410,2026-01-05 10:41:00,16,1600,33.7894,54063.04,0.264512,0.023552,0.023552,17898.81,0.064522,0.08752994,0.02480985,0.11233978,0.0893914,0,0,0,low,1,10
S000026,U0174,1599213.0,136889.56,aggressive,98527.46,buy,SZSE,446484,2026-01-05 11:27:00,22,2200,49.8178,109599.16,0.327752,-0.029092,0.029092,40425.01,0.086064,0.06853318,0.06160997,0.13014315,0.05442176,0,0,0,low,2,11
S000027,U0009,693867.0,473441.78,moderate,37835.87,buy,SZSE,099263,2026-01-05 11:01:00,592,59200,5.7865,342560.8,0.287917,0.000464,0.000464,802919.53,0.035986,0.49369807,0.05452899,0.54822706,0.07373093,1,0,0,medium,1,11
S000028,U0035,718320.0,69340.85,moderate,65328.15,buy,SSE,643245,2026-01-05 10:27:00,11,1100,53.4044,58744.84,0.323383,-0.063307,0.063307,13211.42,0.053914,0.08178088,0.09094575,0.17272663,0.08326132,0,0,0,low,1,10
S000029,U0163,255376.0,104564.32,moderate,32953.88,buy,SZSE,549291,2026-01-05 11:34:00,14,1400,62.7172,87804.08,0.279254,-0.11269,0.11269,43458.21,0.032928,0.34382276,0.12904061,0.47286337,0.03221486,1,0,0,medium,1,11
S000030,U0139,206762.0,45080.28,conservative,16368.52,buy,SZSE,868782,2026-01-05 10:47:00,4,400,79.4834,31793.36,0.390865,-0.115588,0.115588,19194.1,0.038507,0.15376791,0.07916602,0.23293392,0.02083973,1,1,0,medium_high,0,10
S000031,U0193,1527356.0,173353.68,moderate,184697.6,buy,SZSE,539437,2026-01-05 10:04:00,222,22200,6.4246,142626.12,0.579041,0.08409,0.08409,274303.25,0.026845,0.09338106,0.12092636,0.21430742,0.08093232,0,1,0,medium,1,10
S000032,U0066,1621088.0,84829.87,aggressive,91162.98,buy,SZSE,002024,2026-01-05 12:27:00,12,1200,60.7328,72879.36,0.423484,-0.1407,0.1407,14209.44,0.056413,0.04495707,0.05623568,0.10119274,0.08445093,0,1,0,medium,2,12
S000033,U0153,1802805.0,624198.05,moderate,45146.13,buy,SSE,660458,2026-01-05 11:00:00,57,5700,74.9571,427255.47,0.225503,-0.019103,0.019103,72391.74,0.042524,0.23699483,0.02504216,0.26203699,0.07873826,0,0,0,low,1,11
S000034,U0180,1198240.0,476291.53,moderate,125880.39,buy,SZSE,133895,2026-01-05 10:50:00,110,11000,38.4574,423031.4,0.167346,-0.107789,0.107789,54547.63,0.058525,0.35304396,0.1050544,0.45809837,0.20165863,1,0,1,medium_high,1,10
S000035,U0042,1705945.0,149570.34,moderate,183828.62,buy,SZSE,706027,2026-01-05 10:53:00,187,18700,5.7293,107137.91,0.267987,-0.080837,0.080837,601796.27,0.023787,0.06280268,0.10775765,0.17056032,0.03107364,0,0,0,low,1,10
S000036,U0159,686224.0,229161.37,moderate,70870.03,buy,SZSE,194433,2026-01-05 11:02:00,37,3700,44.3566,164119.42,0.2839,-0.225833,0.225833,17271.01,0.078818,0.23916304,0.10327536,0.34243841,0.21423183,1,1,1,high,1,11
S000037,U0184,970579.0,73725.92,moderate,142121.61,buy,SZSE,259456,2026-01-05 10:27:00,25,2500,21.9388,54847.0,0.16013,0.005971,0.005971,73260.68,0.04917,0.05650957,0.14642972,0.20293929,0.03412472,0,0,0,low,1,10
S000038,U0039,411646.0,179594.64,conservative,22790.48,buy,SZSE,232179,2026-01-05 09:50:00,22,2200,61.888,136153.6,0.28181,0.02213,0.02213,17884.98,0.101331,0.33075409,0.05536427,0.38611836,0.12300825,1,0,1,medium_high,0,9
S000039,U0078,1628610.0,338913.64,conservative,17893.76,buy,SZSE,882099,2026-01-05 10:43:00,35,3500,66.9309,234258.15,0.243047,0.112762,0.112762,115351.49,0.036641,0.14383932,0.01098714,0.15482646,0.03034204,0,0,0,low,0,10
S000040,U0092,1840761.0,334477.43,moderate,87077.15,buy,SZSE,432977,2026-01-05 12:20:00,90,9000,31.9369,287432.1,0.265477,0.095818,0.095818,126591.25,0.105639,0.15614852,0.04730497,0.20345349,0.07109496,0,0,0,low,1,12
S000041,U0001,1472110.0,143946.82,conservative,95747.59,buy,SZSE,259783,2026-01-05 11:36:00,46,4600,28.8547,132731.62,0.160541,0.138591,0.138591,66055.4,0.034358,0.0901642,0.06504105,0.15520525,0.06963852,0,0,0,low,0,11
S000042,U0026,749583.0,58244.26,moderate,38086.83,buy,SZSE,820848,2026-01-05 11:28:00,13,1300,29.8952,38863.76,0.133902,0.263524,0.263524,6190.31,0.03991,0.05184717,0.05081069,0.10265787,0.21000557,0,1,1,medium_high,1,11
S000043,U0080,863065.0,188658.29,aggressive,45505.99,buy,SZSE,843657,2026-01-05 10:45:00,24,2400,62.5864,150207.36,0.55468,-0.006902,0.006902,202335.84,0.109636,0.17403945,0.05272603,0.22676548,0.01186147,0,1,0,medium,2,10
S000044,U0025,1160727.0,403567.33,moderate,19568.54,buy,SZSE,845324,2026-01-05 10:03:00,217,21700,18.4098,399492.66,0.245416,-0.140167,0.140167,89440.66,0.045484,0.34417452,0.01685887,0.36103339,0.24261897,1,0,1,medium_high,1,10
S000045,U0128,1416274.0,192420.46,conservative,99252.69,buy,SZSE,416972,2026-01-05 12:09:00,24,2400,59.9435,143864.4,0.344049,-0.104993,0.104993,72058.92,0.075845,0.1015795,0.07008015,0.17165964,0.03330608,0,0,0,low,0,12
S000046,U0146,1136492.0,185439.55,moderate,132090.85,buy,SZSE,589413,2026-01-05 11:34:00,51,5100,25.8223,131693.73,0.164295,0.24772,0.24772,231148.9,0.06257,0.11587739,0.11622682,0.23210422,0.0220637,0,1,0,medium,1,11
S000047,U0144,1822972.0,488060.12,moderate,27718.91,buy,SZSE,255665,2026-01-05 10:34:00,77,7700,55.3745,426383.65,0.340183,-0.011766,0.011766,106063.28,0.033113,0.23389479,0.01520534,0.24910013,0.07259817,0,0,0,low,1,10
S000048,U0015,703306.0,388485.98,conservative,1998.58,buy,SZSE,942895,2026-01-05 12:28:00,75,7500,35.7549,268161.75,0.172853,-0.011236,0.011236,84626.17,0.046915,0.38128745,0.0028417,0.38412914,0.08862507,1,0,0,medium,0,12
S000049,U0150,1303510.0,39932.26,moderate,157084.2,buy,SZSE,426160,2026-01-05 11:41:00,7,700,41.8546,29298.22,0.342579,-0.055607,0.055607,2636.36,0.081225,0.02247641,0.12050863,0.14298503,0.26551771,0,0,1,medium,1,11
S000050,U0178,1286902.0,437203.89,conservative,11803.21,buy,SZSE,800679,2026-01-05 09:56:00,66,6600,54.8552,362044.32,0.264025,0.0963,0.0963,180378.64,0.086823,0.28133014,0.0091718,0.29050194,0.0365897,1,0,0,medium,0,9
S000051,U0024,208804.0,5623.56,conservative,15729.96,buy,SZSE,737440,2026-01-05 11:04:00,1,100,44.91,4491.0,0.334347,-0.101736,0.101736,1484.39,0.06684,0.02150821,0.07533359,0.0968418,0.06736764,0,0,0,low,0,11
S000052,U0056,856667.0,89365.29,conservative,52968.13,buy,SZSE,058823,2026-01-05 09:37:00,21,2100,28.9639,60824.19,0.142853,-0.141495,0.141495,204407.63,0.03919,0.07100097,0.06183047,0.13283145,0.01027359,0,0,0,low,0,9
S000053,U0141,1028447.0,27050.47,moderate,108371.49,buy,SZSE,542706,2026-01-05 11:39:00,7,700,27.0849,18959.43,0.315508,-0.117242,0.117242,4789.83,0.02193,0.01843501,0.10537392,0.12380893,0.14614284,0,0,1,medium,1,11
S000054,U0171,432445.0,112008.31,moderate,62755.87,buy,SZSE,169243,2026-01-05 09:54:00,13,1300,68.5447,89108.11,0.24157,-0.077242,0.077242,44616.88,0.100937,0.20605652,0.14511873,0.35117524,0.02913696,1,0,0,medium,1,9
S000055,U0160,1914584.0,1006553.19,aggressive,6055.54,buy,SZSE,539229,2026-01-05 10:16:00,289,28900,24.0022,693663.58,0.235945,-0.094977,0.094977,393246.07,0.053706,0.36230512,0.00316285,0.36546796,0.07349088,0,0,0,low,2,10
S000056,U0083,1352846.0,88806.9,moderate,75546.76,buy,SSE,685464,2026-01-05 10:32:00,42,4200,14.4902,60858.84,0.513452,0.138554,0.138554,182438.75,0.010409,0.04498579,0.05584284,0.10082863,0.02302143,0,1,0,medium,1,10
S000057,U0130,728759.0,264292.04,conservative,26499.8,buy,SZSE,537874,2026-01-05 11:47:00,51,5100,42.8906,218742.06,0.375689,0.068272,0.068272,85325.91,0.074088,0.30015692,0.03636292,0.33651984,0.05977083,1,1,0,medium_high,0,11
S000058,U0097,1557994.0,679417.42,moderate,84278.52,buy,SZSE,478490,2026-01-05 12:17:00,303,30300,17.5957,533149.71,0.278301,0.116642,0.116642,1326733.97,0.117602,0.34220267,0.05409425,0.39629692,0.02283804,1,0,0,medium,1,12
S000059,U0031,369997.0,69860.32,moderate,35836.89,buy,SZSE,352571,2026-01-05 11:23:00,28,2800,21.7834,60993.52,0.21565,-0.141509,0.141509,10521.93,0.00327,0.16484869,0.09685724,0.26170593,0.26611097,0,0,1,medium,1,11
S000060,U0109,1607908.0,282773.55,conservative,52206.6,buy,SZSE,941586,2026-01-05 12:06:00,43,4300,63.2294,271886.42,0.158361,0.049263,0.049263,47682.15,0.057213,0.16909327,0.03246865,0.20156192,0.0901805,1,0,0,medium,0,12
S000061,U0032,1657377.0,182968.85,moderate,10732.68,buy,SSE,660729,2026-01-05 10:43:00,50,5000,36.2026,181013.0,0.50265,0.0209,0.0209,58004.61,0.027615,0.10921655,0.0064757,0.11569226,0.08620004,0,1,0,medium,1,10
S000062,U0134,740829.0,298960.28,moderate,89388.83,buy,SZSE,830189,2026-01-05 12:24:00,73,7300,32.5772,237813.56,0.54699,-0.186654,0.186654,124147.7,0.045522,0.32101006,0.12066054,0.4416706,0.05880093,1,1,0,medium_high,1,12
S000063,U0121,588027.0,28175.46,aggressive,74333.18,buy,SZSE,820854,2026-01-05 10:42:00,14,1400,18.0951,25333.14,0.114424,-0.016224,0.016224,81090.06,0.093891,0.04308159,0.12641118,0.16949277,0.01726475,0,0,0,low,2,10
S000064,U0096,1773803.0,399706.18,conservative,163495.38,buy,SZSE,718622,2026-01-05 12:25:00,54,5400,52.5315,283670.1,0.166983,-0.204647,0.204647,80266.9,0.035263,0.15992199,0.09217223,0.25209422,0.06727555,1,1,0,medium_high,0,12
S000065,U0119,1061882.0,491495.92,moderate,50734.32,buy,SZSE,581561,2026-01-05 12:26:00,99,9900,47.5952,471192.48,0.282576,-0.030942,0.030942,55368.37,0.107181,0.44373337,0.04777774,0.49151111,0.17880244,1,0,1,medium_high,1,12
S000066,U0028,1683789.0,262722.28,aggressive,143882.7,buy,SZSE,521136,2026-01-05 11:16:00,33,3300,54.9358,181288.14,0.37679,-0.112236,0.112236,14039.24,0.017882,0.10766678,0.08545174,0.19311852,0.23505539,0,1,1,medium_high,2,11
S000067,U0114,518520.0,224457.51,moderate,42541.4,buy,SZSE,897606,2026-01-05 10:05:00,219,21900,8.8173,193098.87,0.139133,-0.03436,0.03436,597235.65,0.118015,0.3724039,0.08204389,0.45444779,0.03666894,1,0,0,medium,1,10
S000068,U0080,1262486.0,889146.52,aggressive,55817.38,buy,SZSE,248987,2026-01-05 09:59:00,936,93600,6.5799,615878.64,0.229903,-0.014066,0.014066,1479756.33,0.044785,0.48783007,0.04421227,0.53204235,0.06325366,1,0,0,medium,2,9
S000069,U0163,907372.0,308739.79,aggressive,47188.14,buy,SZSE,259382,2026-01-05 11:11:00,54,5400,49.0675,264964.5,0.117379,0.128124,0.128124,29006.54,0.009691,0.29201309,0.05200529,0.34401837,0.18616493,0,0,1,medium,2,11
S000070,U0057,812625.0,442973.67,aggressive,1338.58,buy,SZSE,343462,2026-01-05 09:52:00,133,13300,31.2719,415916.27,0.277177,-0.124969,0.124969,147123.95,0.078199,0.51181821,0.00164722,0.51346543,0.09039996,1,0,0,medium,2,9
S000071,U0049,989632.0,216616.74,moderate,112894.01,buy,SZSE,442293,2026-01-05 12:09:00,24,2400,65.0417,156100.08,0.304844,0.075645,0.075645,13342.15,0.079707,0.15773548,0.11407676,0.27181224,0.17988106,0,0,1,medium,1,12
S000072,U0034,1752851.0,492989.79,aggressive,89409.49,buy,SZSE,925964,2026-01-05 11:31:00,72,7200,59.8236,430729.92,0.123242,-0.24251,0.24251,103330.28,0.107443,0.24573105,0.05100804,0.29673909,0.06967948,0,1,0,medium,2,11
S000073,U0003,364185.0,119139.22,conservative,26322.93,buy,SZSE,383541,2026-01-05 12:05:00,23,2300,49.4963,113841.49,0.277687,0.132431,0.132431,57673.54,0.101222,0.31259247,0.07227901,0.38487148,0.03987964,1,0,0,medium,0,12
S000074,U0051,1563269.0,497983.83,conservative,16801.21,buy,SZSE,016934,2026-01-05 10:57:00,66,6600,59.4622,392450.52,0.214365,0.046664,0.046664,118737.57,0.011687,0.25104478,0.01074748,0.26179226,0.05558477,1,0,0,medium,0,10
S000075,U0198,235366.0,18936.79,moderate,25501.89,buy,SZSE,011400,2026-01-05 09:49:00,2,200,68.9546,13790.92,0.331804,-0.152719,0.152719,11126.34,0.029637,0.05859351,0.10834993,0.16694344,0.01797536,0,1,0,medium,1,9
S000076,U0072,1336372.0,411249.38,moderate,53138.98,buy,SZSE,986156,2026-01-05 11:17:00,105,10500,31.4876,330619.8,0.276856,0.081143,0.081143,225230.03,0.05612,0.24740102,0.03976361,0.28716463,0.046619,0,0,0,low,1,11
S000077,U0055,1741512.0,424016.79,moderate,225719.92,buy,SZSE,277953,2026-01-05 09:31:00,91,9100,43.64,397124.0,0.457364,0.009213,0.009213,155624.15,0.095954,0.22803403,0.12961146,0.35764549,0.05847421,1,1,0,medium_high,1,9
S000078,U0053,1850660.0,719172.23,conservative,184576.53,buy,SZSE,180047,2026-01-05 11:07:00,136,13600,41.7843,568266.48,0.128234,0.027272,0.027272,233854.95,0.044275,0.30706152,0.09973552,0.40679704,0.05815571,1,0,0,medium,0,11
S000079,U0089,1768169.0,277655.55,conservative,164557.15,buy,SZSE,172285,2026-01-05 11:34:00,237,23700,9.0457,214383.09,0.413267,-0.030286,0.030286,144034.25,0.068452,0.12124581,0.09306642,0.21431223,0.1645442,1,1,1,high,0,11
S000080,U0101,494695.0,172858.75,aggressive,64629.14,buy,SZSE,164327,2026-01-05 09:31:00,65,6500,23.6549,153756.85,0.173846,0.113369,0.113369,24968.81,0.069865,0.31081141,0.13064442,0.44145582,0.26032482,1,0,1,medium_high,2,9
S000081,U0114,1088127.0,622661.56,moderate,52817.21,buy,SZSE,575660,2026-01-05 11:18:00,91,9100,56.6796,515784.36,0.167706,0.047913,0.047913,307427.35,0.014015,0.47401118,0.04853957,0.52255075,0.02960049,1,0,0,medium,1,11
S000082,U0155,1850007.0,1071016.2,moderate,30584.69,buy,SZSE,827300,2026-01-05 10:59:00,716,71600,13.3949,959074.84,0.263837,-0.01277,0.01277,837723.45,0.074956,0.51841687,0.0165322,0.53494907,0.08546973,1,0,0,medium,1,10
S000083,U0053,678505.0,168792.55,aggressive,1123.37,buy,SZSE,846455,2026-01-05 09:44:00,31,3100,48.4998,150349.38,0.157813,-0.012909,0.012909,37685.54,0.01463,0.2215892,0.00165566,0.22324485,0.08225967,0,0,0,low,2,9
S000084,U0082,1621829.0,403700.84,aggressive,184940.27,buy,SZSE,936412,2026-01-05 11:12:00,82,8200,33.8582,277637.24,0.252085,0.031114,0.031114,198527.5,0.100474,0.17118774,0.11403192,0.28521966,0.0413041,0,0,0,low,2,11
S000085,U0182,1366218.0,117722.85,moderate,169353.32,buy,SSE,610757,2026-01-05 09:54:00,24,2400,44.6298,107111.52,0.124967,-0.107795,0.107795,120155.75,0.077805,0.07840002,0.12395776,0.20235778,0.01997408,0,0,0,low,1,9
S000086,U0193,247432.0,13706.83,moderate,39569.09,buy,SZSE,593672,2026-01-05 11:08:00,4,400,28.6017,11440.68,0.204252,-0.059113,0.059113,15414.18,0.052286,0.04623767,0.15991907,0.20615674,0.02595014,0,0,0,low,1,11
S000087,U0058,1854144.0,1025183.51,conservative,17194.1,buy,SZSE,712910,2026-01-05 12:16:00,358,35800,20.8962,748083.96,0.242364,-0.096465,0.096465,172878.39,0.096139,0.40346594,0.00927333,0.41273928,0.20708199,1,0,1,medium_high,0,12
S000088,U0103,1505770.0,355611.21,conservative,37171.8,buy,SZSE,054487,2026-01-05 11:16:00,89,8900,33.0479,294126.31,0.315702,-0.026246,0.026246,32569.0,0.098151,0.19533283,0.02468624,0.22001906,0.27326598,1,0,1,medium_high,0,11
S000089,U0077,1919776.0,278652.15,moderate,277852.52,buy,SZSE,177740,2026-01-05 09:41:00,64,6400,36.9782,236660.48,0.167111,-0.204539,0.204539,1077355.37,0.071401,0.12327505,0.14473174,0.26800679,0.00594047,0,1,0,medium,1,9
S000090,U0049,1459966.0,82585.64,conservative,113745.21,buy,SZSE,578798,2026-01-05 12:09:00,18,1800,35.146,63262.8,0.20462,0.192169,0.192169,25349.96,0.104275,0.04333169,0.07790949,0.12124118,0.07100602,0,1,0,medium,0,12
S000091,U0034,1648384.0,140608.95,conservative,39862.23,buy,SZSE,987311,2026-01-05 11:28:00,80,8000,15.9111,127288.8,0.222925,-0.082095,0.082095,30337.96,0.069513,0.07722036,0.02418261,0.10140297,0.26369607,0,0,1,medium,0,11
S000092,U0054,429026.0,109426.51,moderate,70184.53,buy,SZSE,015338,2026-01-05 09:48:00,23,2300,39.6944,91297.12,0.294499,-0.140681,0.140681,50326.68,0.086905,0.2128009,0.16359039,0.3763913,0.04570141,1,0,0,medium,1,9
S000093,U0096,1873130.0,1030074.06,aggressive,21858.25,buy,SZSE,049472,2026-01-05 09:53:00,325,32500,23.7647,772352.75,0.36684,0.058916,0.058916,1721456.29,0.038918,0.4123327,0.01166937,0.42400207,0.01887936,1,1,0,medium_high,2,9
S000094,U0040,1200053.0,411074.38,aggressive,34805.82,buy,SZSE,179909,2026-01-05 10:30:00,73,7300,37.806,275983.8,0.320204,-0.079047,0.079047,124633.49,0.07302,0.22997634,0.02900357,0.25897991,0.05857174,0,0,0,low,2,10
S000095,U0193,602504.0,275520.33,moderate,85477.18,buy,SZSE,714506,2026-01-05 10:03:00,139,13900,16.1637,224675.43,0.62219,-0.013731,0.013731,542634.76,0.075721,0.3729028,0.1418699,0.51477271,0.02561576,1,1,0,medium_high,1,10
S000096,U0021,1614230.0,106740.6,conservative,82991.09,buy,SZSE,199472,2026-01-05 10:26:00,113,11300,7.8737,88972.81,0.637115,-0.174151,0.174151,132200.88,0.102796,0.0551178,0.05141218,0.10652999,0.08547598,0,1,0,medium,0,10
S000097,U0023,1960108.0,556848.38,aggressive,142021.08,buy,SSE,602370,2026-01-05 12:22:00,402,40200,11.2751,453259.02,0.541499,-0.111041,0.111041,1791399.33,0.070263,0.23124186,0.07245574,0.3036976,0.02244056,0,1,0,medium,2,12
S000098,U0053,1187857.0,288898.29,moderate,50285.05,buy,SZSE,327435,2026-01-05 10:23:00,84,8400,29.6098,248722.32,0.111964,0.008815,0.008815,482929.48,0.10566,0.20938743,0.04233258,0.25172,0.01739384,0,0,0,low,1,10
S000099,U0149,1843156.0,160997.59,conservative,107467.49,buy,SZSE,562567,2026-01-05 11:22:00,55,5500,19.7797,108788.35,0.121463,-0.045137,0.045137,32963.21,0.102134,0.05902287,0.05830624,0.1173291,0.16685269,0,0,1,medium,0,11
S000100,U0173,700667.0,160760.36,conservative,47704.66,buy,SZSE,834098,2026-01-05 10:25:00,44,4400,28.7829,126644.76,0.261826,0.038684,0.038684,59606.3,0.119388,0.18074886,0.06808463,0.24883349,0.0738177,1,0,0,medium,0,10
S000101,U0012,1311564.0,640932.36,moderate,18871.16,buy,SSE,602291,2026-01-05 11:08:00,114,11400,53.2646,607216.44,0.324309,-0.125302,0.125302,42814.94,0.093208,0.46297126,0.01438829,0.47735955,0.2662622,1,0,1,medium_high,1,11
S000102,U0004,1825843.0,36057.62,moderate,282134.66,buy,SZSE,938991,2026-01-05 09:39:00,4,400,67.8122,27124.88,0.322631,0.059954,0.059954,2398.45,0.053594,0.01485609,0.15452296,0.16937904,0.16677425,0,0,1,medium,1,9
S000103,U0173,1529762.0,86098.76,conservative,131190.83,buy,SZSE,282394,2026-01-05 11:51:00,16,1600,50.8175,81308.0,0.164546,-0.09088,0.09088,27369.3,0.097558,0.05315075,0.08575898,0.13890973,0.05845967,0,0,0,low,0,11
S000104,U0073,1357022.0,585035.8,moderate,66286.5,buy,SZSE,082876,2026-01-05 09:52:00,109,10900,52.5735,573051.15,0.263986,-0.15491,0.15491,134500.76,0.049465,0.42228582,0.04884703,0.47113285,0.08104044,1,1,0,medium_high,1,9
S000105,U0054,470046.0,95536.86,aggressive,30612.11,buy,SZSE,129145,2026-01-05 11:10:00,12,1200,60.47,72564.0,0.261563,0.117879,0.117879,20846.18,0.045546,0.15437638,0.06512578,0.21950216,0.05756451,0,0,0,low,2,11
S000106,U0181,1191391.0,252072.32,conservative,9637.11,buy,SZSE,338099,2026-01-05 10:47:00,31,3100,70.1676,217519.56,0.255137,0.008325,0.008325,50812.65,0.084347,0.18257613,0.00808895,0.19066508,0.06100843,0,0,0,low,0,10
S000107,U0051,1613451.0,95678.14,conservative,175593.72,buy,SZSE,010750,2026-01-05 10:23:00,17,1700,50.7914,86345.38,0.242268,0.204941,0.204941,36445.9,0.054274,0.05351596,0.10883114,0.16234711,0.04664448,0,1,0,medium,0,10
S000108,U0028,1361197.0,366963.28,moderate,213855.91,buy,SZSE,372829,2026-01-05 12:04:00,57,5700,61.4076,350023.32,0.309199,-0.019182,0.019182,60476.26,0.029314,0.25714376,0.15710871,0.41425247,0.09425185,1,0,0,medium,1,12
S000109,U0075,1752145.0,444189.19,conservative,18734.58,buy,SZSE,503530,2026-01-05 11:27:00,127,12700,25.1167,318982.09,0.297933,0.058205,0.058205,659122.01,0.04225,0.18205234,0.01069237,0.19274471,0.01926806,0,0,0,low,0,11
S000110,U0142,1086437.0,562458.63,aggressive,184642.12,buy,SZSE,266009,2026-01-05 11:55:00,52,5200,77.4681,402834.12,0.447706,0.117317,0.117317,169438.77,0.067155,0.37078461,0.16995198,0.54073659,0.03068955,1,1,0,medium_high,2,11
S000111,U0108,1669799.0,707327.02,moderate,185958.33,buy,SSE,695981,2026-01-05 09:47:00,65,6500,78.0323,507209.95,0.640598,0.178635,0.178635,608432.71,0.07244,0.30375509,0.1113657,0.41512079,0.01068319,1,1,0,medium_high,1,9
S000112,U0068,1964438.0,405332.19,moderate,254215.42,buy,SZSE,876748,2026-01-05 11:58:00,86,8600,37.1868,319806.48,0.190737,-0.021732,0.021732,1373963.2,0.014215,0.16279795,0.12940872,0.29220667,0.00625927,0,0,0,low,1,11
S000113,U0182,866447.0,350467.95,moderate,13757.58,buy,SZSE,263948,2026-01-05 11:31:00,54,5400,53.1008,286744.32,0.333905,0.20468,0.20468,44741.15,0.029474,0.33094271,0.01587815,0.34682086,0.12069427,1,1,1,high,1,11
S000114,U0090,1426673.0,261160.91,conservative,10043.92,buy,SZSE,243981,2026-01-05 11:40:00,72,7200,33.8969,244057.68,0.158896,0.262131,0.262131,77550.45,0.020041,0.17106771,0.0070401,0.1781078,0.09284279,0,1,0,medium,0,11
S000115,U0051,1154881.0,362896.57,aggressive,47448.87,buy,SZSE,734012,2026-01-05 09:30:00,60,6000,48.4739,290843.4,0.635659,0.189657,0.189657,180694.41,0.014535,0.25183841,0.04108551,0.29292392,0.03320523,0,1,0,medium,2,9
S000116,U0157,208615.0,32086.35,conservative,16186.95,buy,SZSE,260512,2026-01-05 09:51:00,4,400,70.7162,28286.48,0.336709,0.081349,0.081349,5139.06,0.08623,0.13559178,0.07759247,0.21318426,0.07783523,1,0,0,medium,0,9
S000117,U0032,1603117.0,712405.94,aggressive,157500.44,buy,SZSE,037981,2026-01-05 10:02:00,425,42500,16.5587,703744.75,0.158953,0.109261,0.109261,421989.12,0.076928,0.43898527,0.09824638,0.53723165,0.1007135,1,0,1,medium_high,2,10
S000118,U0178,1008811.0,410813.32,aggressive,81979.93,buy,SZSE,524773,2026-01-05 10:45:00,52,5200,76.4938,397767.76,0.507993,-0.214677,0.214677,63349.42,0.035987,0.39429364,0.08126392,0.47555756,0.08208441,1,1,0,medium_high,2,10
S000119,U0143,202304.0,15064.69,moderate,12597.99,buy,SZSE,346008,2026-01-05 10:00:00,2,200,72.3148,14462.96,0.51866,-0.169915,0.169915,721.82,0.068695,0.07149122,0.06227255,0.13376377,0.2770757,0,1,1,medium_high,1,10
S000120,U0017,1957511.0,1168956.92,moderate,102214.53,buy,SZSE,081338,2026-01-05 12:20:00,125,12500,73.6559,920698.75,0.287347,-0.199941,0.199941,131753.85,0.112323,0.47034155,0.05221658,0.52255813,0.09487389,1,1,0,medium_high,1,12
S000121,U0122,1364113.0,306715.02,conservative,132301.75,buy,SZSE,985468,2026-01-05 10:47:00,36,3600,64.9533,233831.88,0.534963,-0.091826,0.091826,110435.71,0.10996,0.1714168,0.09698738,0.26840418,0.03259815,1,1,0,medium_high,0,10
S000122,U0141,806621.0,221769.43,moderate,118356.71,buy,SZSE,785703,2026-01-05 11:28:00,22,2200,71.8934,158165.48,0.175507,0.06882,0.06882,93076.3,0.107902,0.19608401,0.1467315,0.34281551,0.02363652,1,0,0,medium,1,11
S000123,U0015,736671.0,151168.8,moderate,32989.37,buy,SZSE,112062,2026-01-05 11:38:00,60,6000,19.8707,119224.2,0.338515,0.106001,0.106001,93033.58,0.037845,0.16184185,0.04478168,0.20662353,0.06449284,0,0,0,low,1,11
S000124,U0013,460869.0,90454.65,moderate,48378.52,buy,SZSE,254586,2026-01-05 09:32:00,39,3900,17.4881,68203.59,0.218402,0.001006,0.001006,162083.26,0.11074,0.1479891,0.10497239,0.25296149,0.02406171,0,0,0,low,1,9
S000125,U0103,935782.0,114318.48,conservative,12558.91,buy,SZSE,378169,2026-01-05 11:17:00,85,8500,12.4761,106046.85,0.293933,-0.210578,0.210578,103015.49,0.101091,0.11332431,0.01342077,0.12674508,0.08251186,0,1,0,medium,0,11
S000126,U0077,482366.0,236053.98,moderate,40115.92,buy,SZSE,224414,2026-01-05 10:24:00,65,6500,27.4098,178163.7,0.163369,-0.020194,0.020194,186284.17,0.051954,0.36935377,0.0831649,0.45251867,0.03489293,1,0,0,medium,1,10
S000127,U0102,937360.0,119493.83,moderate,13341.98,buy,SZSE,153668,2026-01-05 12:05:00,11,1100,78.6274,86490.14,0.300727,-0.151396,0.151396,5172.8,0.105426,0.09226993,0.01423357,0.1065035,0.21265098,0,1,1,medium_high,1,12
S000128,U0167,899767.0,227119.07,moderate,142153.54,buy,SZSE,812793,2026-01-05 10:23:00,48,4800,46.9294,225261.12,0.422859,0.21195,0.21195,135520.53,0.075136,0.25035495,0.15798928,0.40834423,0.03541899,1,1,0,medium_high,1,10
S000129,U0130,551806.0,42387.98,aggressive,773.46,buy,SZSE,405101,2026-01-05 09:48:00,7,700,44.7167,31301.69,0.645467,0.019131,0.019131,47395.26,0.101841,0.0567259,0.00140169,0.05812758,0.01476941,0,1,0,medium,2,9
S000130,U0161,1123813.0,231333.42,aggressive,193326.76,buy,SZSE,995495,2026-01-05 11:05:00,23,2300,73.2875,168561.25,0.31262,-0.242914,0.242914,76806.42,0.045879,0.14999048,0.17202752,0.322018,0.02994541,0,1,0,medium,2,11
S000131,U0200,512089.0,243589.57,conservative,781.64,buy,SZSE,917125,2026-01-05 11:07:00,30,3000,60.3431,181029.3,0.157799,-0.01608,0.01608,540161.91,0.017162,0.3535114,0.00152637,0.35503777,0.00555389,1,0,0,medium,0,11
S000132,U0002,1662607.0,1271642.72,moderate,12937.74,buy,SZSE,096720,2026-01-05 11:08:00,253,25300,34.575,874747.5,0.28016,0.118333,0.118333,368710.52,0.05534,0.52613005,0.0077816,0.53391165,0.06861752,1,0,0,medium,1,11
S000133,U0057,1215973.0,342790.04,aggressive,55818.83,buy,SZSE,971743,2026-01-05 10:58:00,38,3800,73.5688,279561.44,0.294025,-0.188156,0.188156,16665.55,0.030091,0.2299076,0.04590466,0.27581227,0.22801528,0,1,1,medium_high,2,10
S000134,U0129,842743.0,379018.56,aggressive,149698.78,buy,SZSE,272451,2026-01-05 10:54:00,288,28800,8.7815,252907.2,0.109138,-0.071498,0.071498,131921.12,0.045331,0.30010003,0.17763277,0.47773281,0.21831227,1,0,1,medium_high,2,10
S000135,U0069,357694.0,207805.47,aggressive,18786.02,buy,SZSE,963239,2026-01-05 10:57:00,136,13600,13.8477,188328.72,0.112647,0.085915,0.085915,147611.25,0.099682,0.52650791,0.05251981,0.57902772,0.0921339,1,0,0,medium,2,10
S000136,U0109,270125.0,139564.5,moderate,23398.49,buy,SZSE,521173,2026-01-05 10:17:00,20,2000,53.9811,107962.2,0.104396,-0.079832,0.079832,9781.01,0.017706,0.39967497,0.08662098,0.48629595,0.20447792,1,0,1,medium_high,1,10
S000137,U0124,868435.0,329167.37,moderate,62634.54,buy,SSE,654531,2026-01-05 11:24:00,81,8100,37.0092,299774.52,0.229617,0.045975,0.045975,117535.36,0.034251,0.34518936,0.07212346,0.41731282,0.06891543,1,0,0,medium,1,11
S000138,U0187,655791.0,31035.0,moderate,91822.7,buy,SZSE,969340,2026-01-05 09:56:00,7,700,35.4172,24792.04,0.284356,-0.092728,0.092728,10088.39,0.101964,0.03780479,0.14001823,0.17782302,0.06938671,0,0,0,low,1,9
S000139,U0196,1726869.0,336794.67,moderate,3148.53,buy,SZSE,545742,2026-01-05 10:58:00,234,23400,10.9676,256641.84,0.296349,-0.017612,0.017612,566034.17,0.017912,0.14861686,0.00182326,0.15044011,0.04134026,0,0,0,low,1,10
S000140,U0154,302823.0,49132.75,moderate,1106.53,buy,SZSE,817841,2026-01-05 12:17:00,10,1000,34.2482,34248.2,0.384434,-0.002459,0.002459,3377.7,0.094939,0.11309643,0.00365403,0.11675046,0.29605977,0,1,1,medium_high,1,12
S000141,U0073,1043248.0,45609.14,conservative,37967.94,buy,SZSE,373054,2026-01-05 11:33:00,6,600,68.0699,40841.94,0.171516,0.003503,0.003503,3095.35,0.033981,0.03914883,0.03639397,0.07554281,0.19383913,0,0,1,medium,0,11
S000142,U0116,1622412.0,298975.63,conservative,22548.98,buy,SZSE,778578,2026-01-05 12:21:00,392,39200,5.2992,207728.64,0.222302,0.034496,0.034496,1456535.67,0.110087,0.12803692,0.01389843,0.14193535,0.02691318,0,0,0,low,0,12
S000143,U0164,723011.0,24873.5,aggressive,120191.67,buy,SZSE,721592,2026-01-05 11:33:00,3,300,79.2559,23776.77,0.604724,-0.047235,0.047235,1629.62,0.030513,0.03288577,0.16623767,0.19912344,0.18409182,0,1,1,medium_high,2,11
S000144,U0172,1892129.0,666967.07,moderate,7701.05,buy,SSE,696533,2026-01-05 10:05:00,61,6100,74.424,453986.4,0.324562,0.130115,0.130115,96551.13,0.107186,0.23993417,0.00407004,0.24400421,0.06317896,0,0,0,low,1,10
S000145,U0043,305118.0,138373.21,moderate,49431.31,buy,SZSE,196920,2026-01-05 09:43:00,31,3100,37.1863,115277.53,0.630659,0.218349,0.218349,30865.37,0.066676,0.37781294,0.1620072,0.53982014,0.10043619,1,1,1,high,1,9
S000146,U0111,417499.0,142046.89,aggressive,33205.46,buy,SZSE,492921,2026-01-05 10:30:00,15,1500,78.2304,117345.6,0.304041,0.229286,0.229286,22756.86,0.087016,0.28106798,0.07953423,0.36060221,0.06591418,0,1,0,medium,2,10
S000147,U0092,894962.0,327656.65,moderate,134404.84,buy,SZSE,203867,2026-01-05 12:14:00,60,6000,45.8223,274933.8,0.111146,-0.122862,0.122862,609019.81,0.087093,0.30720165,0.15017938,0.45738103,0.0098519,1,0,0,medium,1,12
S000148,U0133,1543032.0,211314.02,moderate,45631.25,buy,SZSE,366602,2026-01-05 10:00:00,47,4700,34.0266,159925.02,0.113539,0.083253,0.083253,24548.6,0.078958,0.10364336,0.02957246,0.13321582,0.19145696,0,0,1,medium,1,10
S000149,U0054,1114353.0,288554.0,moderate,92962.12,buy,SZSE,379990,2026-01-05 10:14:00,36,3600,59.1056,212780.16,0.284781,0.022592,0.022592,261743.89,0.108106,0.19094502,0.0834225,0.27436753,0.0137539,0,0,0,low,1,10
S000150,U0074,1748546.0,135025.9,conservative,184872.64,buy,SZSE,308323,2026-01-05 11:06:00,39,3900,27.7394,108183.66,0.135885,0.025567,0.025567,107226.98,0.119522,0.06187064,0.10572936,0.1676,0.03637144,0,0,0,low,0,11
S000151,U0017,719518.0,193067.18,conservative,23783.03,buy,SZSE,504664,2026-01-05 10:19:00,20,2000,76.0255,152051.0,0.122042,-0.084518,0.084518,31249.11,0.119916,0.21132341,0.03305411,0.24437753,0.06400183,1,0,0,medium,0,10
S000152,U0098,1964951.0,623855.09,moderate,257811.49,buy,SZSE,580501,2026-01-05 11:17:00,88,8800,63.2343,556461.84,0.188461,-0.223429,0.223429,242922.27,0.003002,0.28319375,0.13120505,0.4143988,0.03622558,1,1,0,medium_high,1,11
S000153,U0070,1524494.0,73067.48,conservative,95911.18,buy,SZSE,247673,2026-01-05 10:24:00,9,900,73.5849,66226.41,0.250172,0.185737,0.185737,34363.19,0.040969,0.04344157,0.06291345,0.10635502,0.02619081,0,1,0,medium,0,10
S000154,U0029,1967588.0,165366.79,conservative,191304.71,buy,SZSE,917770,2026-01-05 11:24:00,63,6300,19.8543,125082.09,0.185725,0.084331,0.084331,36601.78,0.02699,0.06357128,0.09722803,0.16079931,0.17212278,0,0,1,medium,0,11
S000155,U0068,1004080.0,190448.12,aggressive,167468.07,buy,SZSE,394251,2026-01-05 10:03:00,19,1900,73.28,139232.0,0.131241,-0.055344,0.055344,25218.67,0.039798,0.13866624,0.16678757,0.30545381,0.07534102,0,0,0,low,2,10
S000156,U0084,337929.0,14998.0,conservative,29518.6,buy,SZSE,252450,2026-01-05 10:27:00,2,200,55.5268,11105.36,0.160181,-0.12994,0.12994,2428.11,0.096198,0.032863,0.08735149,0.12021448,0.08236858,0,0,0,low,0,10
S000157,U0180,353097.0,16775.79,moderate,38315.48,buy,SZSE,810533,2026-01-05 11:47:00,3,300,47.9871,14396.13,0.21727,-0.0961,0.0961,3645.08,0.088948,0.04077103,0.10851261,0.14928364,0.08230274,0,0,0,low,1,11
S000158,U0094,365586.0,141873.4,moderate,22939.57,buy,SZSE,273493,2026-01-05 09:42:00,23,2300,44.8676,103195.48,0.135433,-0.073251,0.073251,97286.55,0.041247,0.28227416,0.0627474,0.34502156,0.0236415,1,0,0,medium,1,9
S000159,U0153,717202.0,8508.71,conservative,74087.47,buy,SZSE,822313,2026-01-05 10:03:00,1,100,72.8848,7288.48,0.337454,0.268329,0.268329,4585.65,0.071602,0.01016238,0.1033007,0.11346308,0.02180714,0,1,0,medium,0,10
S000160,U0038,1659611.0,593907.52,aggressive,126366.14,buy,SZSE,348276,2026-01-05 11:40:00,201,20100,20.025,402502.5,0.230314,-0.069649,0.069649,283350.98,0.074198,0.24252822,0.07614202,0.31867024,0.07093676,0,0,0,low,2,11
S000161,U0174,1959860.0,66851.92,conservative,154495.62,buy,SZSE,263206,2026-01-05 10:18:00,90,9000,5.2523,47270.7,0.228254,0.138022,0.138022,100474.24,0.008386,0.02411943,0.07882993,0.10294935,0.0895752,0,0,0,low,0,10
S000162,U0117,1959714.0,349592.72,conservative,144625.08,buy,SZSE,398898,2026-01-05 10:06:00,58,5800,44.9994,260996.52,0.361841,0.200145,0.200145,86826.56,0.020754,0.13318092,0.07379907,0.20698,0.06679984,1,1,0,medium_high,0,10
S000163,U0134,580239.0,234462.16,moderate,72204.07,buy,SZSE,313022,2026-01-05 09:51:00,55,5500,30.5765,168170.75,0.211648,0.006749,0.006749,62864.88,0.012261,0.28983014,0.1244385,0.41426864,0.08748924,1,0,0,medium,1,9
S000164,U0047,237980.0,117094.89,aggressive,14229.66,buy,SZSE,399918,2026-01-05 10:19:00,21,2100,47.4242,99590.82,0.201125,-0.092554,0.092554,31580.07,0.075688,0.41848399,0.05979351,0.4782775,0.06649763,1,0,0,medium,2,10
S000165,U0114,622325.0,112482.45,moderate,14250.98,buy,SZSE,992837,2026-01-05 12:22:00,35,3500,27.6234,96681.9,0.560859,0.081719,0.081719,31056.93,0.011404,0.15535596,0.02289958,0.17825554,0.11269625,0,1,1,medium_high,1,12
S000166,U0108,891848.0,190031.25,moderate,112623.52,buy,SSE,651278,2026-01-05 11:29:00,68,6800,20.558,139794.4,0.509843,0.162808,0.162808,79253.21,0.114492,0.15674689,0.12628107,0.28302796,0.08580094,0,1,0,medium,1,11
S000167,U0008,473852.0,231347.34,aggressive,67320.2,buy,SZSE,144455,2026-01-05 09:41:00,97,9700,19.0371,184659.87,0.12156,-0.048792,0.048792,103649.74,0.101381,0.38969946,0.1420701,0.53176957,0.09358441,1,0,0,medium,2,9
S000168,U0052,1273137.0,76423.96,moderate,3697.86,buy,SZSE,937176,2026-01-05 10:18:00,19,1900,30.8752,58662.88,0.231552,-0.11717,0.11717,24207.8,0.114173,0.04607743,0.00290453,0.04898195,0.0784871,0,0,0,low,1,10
S000169,U0005,883641.0,338239.37,moderate,112891.72,buy,SZSE,458557,2026-01-05 10:52:00,106,10600,21.3738,226562.28,0.127119,-0.085059,0.085059,96083.07,0.053246,0.2563963,0.12775745,0.38415374,0.11032121,1,0,1,medium_high,1,10
S000170,U0157,540370.0,238273.75,aggressive,34281.81,buy,SZSE,220578,2026-01-05 11:03:00,238,23800,8.6591,206086.58,0.265254,0.126193,0.126193,1136501.72,0.020693,0.3813805,0.06344136,0.44482185,0.02094146,1,0,0,medium,2,11
S000171,U0114,553823.0,8540.03,moderate,11138.02,buy,SSE,610159,2026-01-05 12:22:00,4,400,19.0985,7639.4,0.230233,0.119928,0.119928,2074.98,0.010214,0.01379394,0.02011116,0.0339051,0.19277286,0,0,1,medium,1,12
S000172,U0019,1515260.0,763500.55,moderate,64506.15,buy,SZSE,102069,2026-01-05 12:20:00,379,37900,16.462,623909.8,0.172174,-0.015257,0.015257,126587.33,0.019336,0.41175099,0.04257101,0.454322,0.29939805,1,0,1,medium_high,1,12
S000173,U0127,1141556.0,497177.88,aggressive,37834.64,buy,SZSE,509663,2026-01-05 10:04:00,567,56700,8.5273,483497.91,0.196752,-0.053653,0.053653,1219891.37,0.009124,0.42354287,0.03314304,0.45668592,0.04647955,1,0,0,medium,2,10
S000174,U0066,719779.0,42100.07,conservative,62002.99,buy,SZSE,530476,2026-01-05 10:57:00,6,600,60.213,36127.8,0.488053,-0.179184,0.179184,4220.25,0.015929,0.05019291,0.08614171,0.13633461,0.14217165,0,1,1,medium_high,0,10
S000175,U0157,1039973.0,69850.35,moderate,157620.93,buy,SZSE,302335,2026-01-05 11:17:00,7,700,67.2109,47047.63,0.274618,-0.080216,0.080216,52947.54,0.05294,0.04523928,0.15156252,0.1968018,0.01322063,0,0,0,low,1,11
S000176,U0081,1046924.0,133687.11,conservative,70125.16,buy,SZSE,592522,2026-01-05 09:38:00,26,2600,42.7139,111056.14,0.243236,-0.054048,0.054048,34735.64,0.033305,0.10607851,0.06698209,0.1730606,0.07485108,0,0,0,low,0,9
S000177,U0064,247388.0,7694.82,moderate,35448.55,buy,SZSE,387368,2026-01-05 10:19:00,11,1100,6.7572,7432.92,0.198873,-0.273451,0.273451,5100.65,0.074929,0.0300456,0.14329132,0.17333692,0.21565899,0,1,1,medium_high,1,10
S000178,U0081,742918.0,25834.78,moderate,111056.92,buy,SZSE,953178,2026-01-05 10:24:00,7,700,32.8562,22999.34,0.34177,-0.016209,0.016209,11998.4,0.074269,0.03095811,0.14948746,0.18044557,0.05834113,0,0,0,low,1,10
S000179,U0108,677942.0,39704.01,aggressive,22319.14,buy,SZSE,918555,2026-01-05 10:18:00,8,800,41.4243,33139.44,0.2255,-0.250417,0.250417,14734.84,0.078503,0.04888241,0.0329219,0.08180431,0.0542931,0,1,0,medium,2,10
S000180,U0185,1569832.0,198527.84,moderate,62156.35,buy,SZSE,183776,2026-01-05 10:22:00,30,3000,48.8744,146623.2,0.106174,-0.111053,0.111053,254094.17,0.060701,0.09340057,0.03959427,0.13299484,0.01180665,0,0,0,low,1,10
S000181,U0027,736447.0,96634.2,moderate,100154.28,buy,SSE,682818,2026-01-05 09:56:00,39,3900,18.5278,72258.42,0.106873,0.025353,0.025353,204316.71,0.083404,0.09811761,0.13599659,0.2341142,0.01908801,0,0,0,low,1,9
S000182,U0169,1336401.0,142458.67,moderate,14308.74,buy,SZSE,989979,2026-01-05 11:39:00,14,1400,75.0562,105078.68,0.465892,0.062746,0.062746,279296.16,0.014652,0.07862811,0.01070692,0.08933502,0.0050126,0,1,0,medium,1,11
S000183,U0191,1025210.0,212407.72,moderate,89045.4,buy,SZSE,866379,2026-01-05 11:09:00,60,6000,31.877,191262.0,0.130902,0.012971,0.012971,133177.7,0.100765,0.18655885,0.08685576,0.27341462,0.04505259,0,0,0,low,1,11
S000184,U0048,764665.0,38357.67,conservative,38817.21,buy,SZSE,051341,2026-01-05 10:09:00,12,1200,26.4825,31779.0,0.330298,-0.029557,0.029557,13025.89,0.094218,0.04155938,0.05076368,0.09232306,0.09212423,0,0,0,low,0,10
S000185,U0059,456961.0,106326.12,aggressive,54943.12,buy,SZSE,119622,2026-01-05 10:09:00,165,16500,4.8673,80310.45,0.213392,-0.136072,0.136072,314421.76,0.027308,0.17574902,0.1202359,0.29598493,0.05247728,0,0,0,low,2,10
S000186,U0079,438423.0,42315.09,conservative,32000.81,buy,SZSE,916429,2026-01-05 10:03:00,18,1800,16.1711,29107.98,0.337252,-0.015571,0.015571,44789.33,0.086054,0.06639246,0.07299073,0.13938318,0.04018814,0,0,0,low,0,10
S000187,U0104,496289.0,108396.38,moderate,23206.47,buy,SZSE,935427,2026-01-05 10:49:00,23,2300,39.2059,90173.57,0.124167,0.029519,0.029519,127861.97,0.089473,0.18169569,0.04676,0.22845568,0.01798815,0,0,0,low,1,10
S000188,U0043,1178128.0,550498.73,moderate,112611.09,buy,SZSE,417371,2026-01-05 10:50:00,489,48900,9.9178,484980.42,0.260624,-0.13086,0.13086,1083353.6,0.02216,0.41165342,0.09558477,0.50723819,0.04513762,1,0,0,medium,1,10
S000189,U0041,821117.0,50528.68,conservative,11248.53,buy,SZSE,599991,2026-01-05 11:07:00,10,1000,39.0757,39075.7,0.206136,0.109198,0.109198,5336.28,0.040986,0.04758847,0.01369906,0.06128752,0.18739636,0,0,1,medium,0,11
S000190,U0034,1621145.0,28158.26,conservative,139386.16,buy,SZSE,181925,2026-01-05 10:04:00,31,3100,6.2228,19290.68,0.335239,0.113908,0.113908,55393.57,0.067202,0.01189942,0.08598007,0.09787948,0.05596318,0,0,0,low,0,10
S000191,U0177,1261604.0,327933.03,moderate,91168.34,buy,SZSE,567529,2026-01-05 10:00:00,33,3300,69.9123,230710.59,0.495593,-0.102738,0.102738,46595.45,0.03967,0.18287085,0.07226383,0.25513467,0.07082237,0,1,0,medium,1,10
S000192,U0161,823539.0,155751.08,moderate,79808.91,buy,SZSE,357296,2026-01-05 10:38:00,21,2100,50.9181,106928.01,0.20916,0.13296,0.13296,22278.1,0.073278,0.12983964,0.0969097,0.22674934,0.09426296,0,0,0,low,1,10
S000193,U0115,1840606.0,623900.25,aggressive,308774.02,buy,SSE,655519,2026-01-05 10:20:00,136,13600,42.6884,580562.24,0.104311,0.025083,0.025083,185334.75,0.102415,0.31541907,0.16775672,0.48317579,0.07338073,1,0,0,medium,2,10
S000194,U0001,435243.0,28289.14,moderate,67617.77,buy,SSE,645996,2026-01-05 11:38:00,4,400,66.2628,26505.12,0.270868,-0.022993,0.022993,6062.36,0.10293,0.06089729,0.15535637,0.21625366,0.06598088,0,0,0,low,1,11
S000195,U0084,1077909.0,158316.21,moderate,108808.09,buy,SZSE,887404,2026-01-05 10:39:00,124,12400,11.3103,140247.72,0.206342,0.122699,0.122699,519294.8,0.064854,0.13011091,0.10094367,0.23105458,0.02387854,0,0,0,low,1,10
S000196,U0131,1334854.0,82870.19,conservative,104341.57,buy,SZSE,360125,2026-01-05 11:50:00,11,1100,63.4162,69757.82,0.521116,0.056795,0.056795,34291.32,0.074447,0.05225876,0.07816703,0.1304258,0.03207809,0,1,0,medium,0,11
S000197,U0163,701090.0,70030.24,conservative,18592.63,buy,SZSE,865387,2026-01-05 11:34:00,32,3200,21.3081,68185.92,0.50829,-0.069885,0.069885,81894.59,0.038164,0.09725701,0.02651961,0.12377662,0.03907462,0,1,0,medium,0,11
S000198,U0105,676725.0,254763.3,aggressive,51528.29,buy,SZSE,079016,2026-01-05 11:28:00,71,7100,27.8869,197996.99,0.580331,0.056125,0.056125,102903.21,0.029414,0.29258117,0.07614362,0.36872479,0.06899688,0,1,0,medium,2,11
S000199,U0140,1328843.0,1016307.55,aggressive,21180.55,buy,SZSE,898311,2026-01-05 10:56:00,155,15500,46.3807,718900.85,0.131149,0.063975,0.063975,191990.32,0.036947,0.54099758,0.01593909,0.55693667,0.08073324,1,0,0,medium,2,10
S000200,U0048,603379.0,41703.05,moderate,83459.14,buy,SZSE,496439,2026-01-05 10:24:00,4,400,72.4193,28967.72,0.151188,-0.030729,0.030729,41998.7,0.111415,0.04800916,0.13831959,0.18632876,0.0095241,0,0,0,low,1,10
S000201,U0070,514765.0,81308.82,moderate,57368.73,buy,SZSE,749166,2026-01-05 09:31:00,25,2500,22.5704,56426.0,0.181101,-0.057498,0.057498,97523.14,0.074643,0.10961507,0.11144644,0.22106151,0.02563494,0,0,0,low,1,9
S000202,U0081,385504.0,25405.77,moderate,42535.99,buy,SZSE,337445,2026-01-05 11:12:00,34,3400,5.3227,18097.18,0.592813,-0.189484,0.189484,56353.14,0.048412,0.04694421,0.11033864,0.15728285,0.06033382,0,1,0,medium,1,11
S000203,U0193,1064050.0,343958.96,moderate,102894.9,buy,SZSE,207782,2026-01-05 12:02:00,464,46400,6.2023,287786.72,0.149618,0.055434,0.055434,1416244.65,0.037523,0.27046353,0.09670119,0.36716472,0.0327627,1,0,0,medium,1,12
S000204,U0096,1024727.0,240020.88,conservative,8304.77,buy,SZSE,913257,2026-01-05 11:40:00,41,4100,53.9453,221175.73,0.223297,0.090403,0.090403,100355.46,0.066397,0.21583869,0.00810438,0.22394306,0.04085478,1,0,0,medium,0,11
S000205,U0059,1022792.0,59926.48,moderate,131492.97,buy,SZSE,731282,2026-01-05 11:36:00,9,900,52.9414,47647.26,0.229777,-0.075504,0.075504,9612.12,0.046452,0.04658548,0.12856276,0.17514825,0.09363179,0,0,0,low,1,11
S000206,U0129,1200106.0,72300.85,moderate,19073.09,buy,SZSE,519580,2026-01-05 10:31:00,22,2200,28.807,63375.4,0.260125,0.028359,0.028359,82664.39,0.08696,0.05280817,0.01589284,0.068701,0.02661364,0,0,0,low,1,10
S000207,U0096,1179910.0,662060.89,moderate,19300.86,buy,SSE,679052,2026-01-05 11:19:00,88,8800,55.6049,489323.12,0.323261,-0.077386,0.077386,124091.59,0.050799,0.41471224,0.01635791,0.43107015,0.07091536,1,0,0,medium,1,11
S000208,U0096,1484423.0,389442.29,moderate,30844.05,buy,SZSE,407399,2026-01-05 10:05:00,60,6000,48.3639,290183.4,0.236581,-0.276863,0.276863,123947.64,0.061395,0.19548565,0.02077848,0.21626413,0.04840754,0,1,0,medium,1,10
S000209,U0186,984218.0,67238.39,conservative,107597.94,buy,SZSE,866147,2026-01-05 09:46:00,13,1300,49.8302,64779.26,0.217536,-0.084716,0.084716,7228.86,0.015016,0.065818,0.10932328,0.17514128,0.17983475,0,0,1,medium,0,9
S000210,U0110,344401.0,48594.11,moderate,3223.06,buy,SZSE,028416,2026-01-05 10:16:00,10,1000,33.6494,33649.4,0.523573,-0.110444,0.110444,31626.85,0.094109,0.09770413,0.00935844,0.10706257,0.0316187,0,1,0,medium,1,10
S000211,U0106,1836021.0,1005224.35,moderate,217979.02,buy,SZSE,834916,2026-01-05 09:55:00,117,11700,67.5328,790133.76,0.10758,0.092297,0.092297,523885.98,0.095491,0.43035116,0.1187236,0.54907476,0.0223331,1,0,0,medium,1,9
S000212,U0016,684857.0,144189.87,moderate,110285.33,buy,SZSE,010787,2026-01-05 10:44:00,70,7000,17.4978,122484.6,0.249013,0.235456,0.235456,106318.12,0.002381,0.17884697,0.16103409,0.33988106,0.06584014,1,1,0,medium_high,1,10
S000213,U0189,1142213.0,77402.56,conservative,58294.35,buy,SZSE,278890,2026-01-05 10:20:00,14,1400,49.6287,69480.18,0.180007,0.101723,0.101723,18098.95,0.09748,0.06082944,0.05103632,0.11186576,0.07735255,0,0,0,low,0,10
S000214,U0006,1082025.0,69460.06,moderate,74190.1,buy,SZSE,502027,2026-01-05 09:53:00,12,1200,47.03,56436.0,0.252073,0.275251,0.275251,23659.47,0.077843,0.05215776,0.06856598,0.12072374,0.05071964,0,1,0,medium,1,9
S000215,U0152,1571888.0,112256.5,conservative,70267.55,buy,SZSE,725855,2026-01-05 11:32:00,15,1500,52.1831,78274.65,0.22134,0.108543,0.108543,8587.87,0.118989,0.04979658,0.04470264,0.09449922,0.17466499,0,0,1,medium,0,11
S000216,U0165,364351.0,11447.66,conservative,3816.03,buy,SZSE,072512,2026-01-05 11:10:00,2,200,41.1625,8232.5,0.414478,0.124918,0.124918,2692.08,0.035957,0.02259497,0.0104735,0.03306847,0.07429206,0,1,0,medium,0,11
S000217,U0127,1207130.0,209722.17,aggressive,90340.51,buy,SZSE,557888,2026-01-05 11:34:00,40,4000,47.088,188352.0,0.566818,-0.21697,0.21697,51817.58,0.034397,0.1560329,0.07483909,0.230872,0.07719388,0,1,0,medium,2,11
S000218,U0155,308685.0,104560.66,moderate,4324.56,buy,SZSE,413914,2026-01-05 12:24:00,44,4400,16.8647,74204.68,0.234416,-0.214436,0.214436,14892.37,0.08011,0.24038965,0.01400962,0.25439927,0.29545335,0,1,1,medium_high,1,12
S000219,U0083,1523594.0,756336.92,moderate,44306.04,buy,SZSE,986335,2026-01-05 09:44:00,842,84200,7.8246,658831.32,0.138411,-0.08632,0.08632,1612099.59,0.027631,0.43241921,0.02907995,0.46149916,0.05223002,1,0,0,medium,1,9
S000220,U0098,982760.0,77246.58,moderate,89601.43,buy,SZSE,928751,2026-01-05 11:03:00,18,1800,42.035,75663.0,0.147899,0.133471,0.133471,341010.59,0.116242,0.07699031,0.09117325,0.16816357,0.00527843,0,0,0,low,1,11
S000221,U0012,1112310.0,346734.33,aggressive,23021.16,buy,SZSE,144145,2026-01-05 09:59:00,60,6000,53.578,321468.0,0.159977,-0.134123,0.134123,81755.97,0.106993,0.28900936,0.02069671,0.30970607,0.07338914,0,0,0,low,2,9
S000222,U0091,1655073.0,870168.81,aggressive,196704.6,buy,SZSE,293270,2026-01-05 10:54:00,96,9600,74.4925,715128.0,0.106597,-0.012639,0.012639,141150.94,0.040924,0.43208245,0.1188495,0.55093195,0.0680123,1,0,0,medium,2,10
S000223,U0089,557633.0,511146.24,aggressive,539.61,buy,SZSE,424770,2026-01-05 09:48:00,48,4800,72.0427,345804.96,0.335245,-0.275071,0.275071,189172.24,0.059621,0.62013001,0.00096768,0.6210977,0.0253737,1,1,0,medium_high,2,9
S000224,U0108,773541.0,86615.73,aggressive,117767.86,buy,SZSE,371552,2026-01-05 11:58:00,15,1500,46.7365,70104.75,0.185434,0.211085,0.211085,108237.68,0.105322,0.09062836,0.15224514,0.24287349,0.01385839,0,1,0,medium,2,11
S000225,U0017,746978.0,100296.29,conservative,54856.48,buy,SZSE,826235,2026-01-05 11:04:00,13,1300,54.6512,71046.56,0.491855,-0.146322,0.146322,128508.02,0.080705,0.09511198,0.07343788,0.16854987,0.0101161,0,1,0,medium,0,11
S000226,U0161,1823332.0,192853.1,moderate,38889.01,buy,SZSE,399398,2026-01-05 12:11:00,34,3400,39.4914,134270.76,0.32246,0.005122,0.005122,203907.4,0.049011,0.07364032,0.02132854,0.09496886,0.01667424,0,0,0,low,1,12
S000227,U0076,1850541.0,532772.15,conservative,108575.25,buy,SZSE,213714,2026-01-05 11:40:00,646,64600,5.8787,379764.02,0.15014,-0.032294,0.032294,2759820.6,0.050902,0.20521784,0.05867217,0.26389,0.02340732,1,0,0,medium,0,11
S000228,U0161,1685470.0,205323.35,moderate,230187.25,buy,SSE,697668,2026-01-05 10:45:00,26,2600,55.8763,145278.38,0.395092,0.018844,0.018844,70210.37,0.056051,0.08619458,0.13657155,0.22276613,0.03703157,0,1,0,medium,1,10
S000229,U0183,1936213.0,165676.7,moderate,301634.02,buy,SZSE,256916,2026-01-05 10:04:00,71,7100,18.1585,128925.35,0.210172,-0.138702,0.138702,106982.59,0.002087,0.06658635,0.15578556,0.2223719,0.06636594,0,0,0,low,1,10
S000230,U0038,1107507.0,162471.83,conservative,44910.5,buy,SSE,669127,2026-01-05 12:27:00,53,5300,29.2929,155252.37,0.268157,0.066049,0.066049,97472.81,0.040852,0.14018184,0.04055099,0.18073283,0.05437414,0,0,0,low,0,12
S000231,U0166,1493895.0,513794.01,moderate,57902.78,buy,SZSE,584310,2026-01-05 10:48:00,75,7500,61.3883,460412.25,0.333205,-0.192996,0.192996,397407.95,0.066049,0.30819586,0.03875961,0.34695546,0.01887229,1,1,0,medium_high,1,10
S000232,U0163,1015956.0,257172.36,conservative,110267.31,buy,SZSE,459372,2026-01-05 11:05:00,54,5400,36.0866,194867.64,0.169036,-0.022735,0.022735,60643.26,0.042419,0.19180716,0.10853551,0.30034268,0.08904534,1,0,0,medium,0,11
S000233,U0041,560362.0,217585.1,moderate,2802.83,buy,SZSE,115821,2026-01-05 11:43:00,19,1900,78.8275,149772.25,0.210905,0.21406,0.21406,15386.49,0.100775,0.26727767,0.00500182,0.27227949,0.12348499,0,1,1,medium_high,1,11
S000234,U0021,442489.0,150900.46,aggressive,63171.86,buy,SZSE,793762,2026-01-05 11:50:00,24,2400,55.9218,134212.32,0.354198,0.115807,0.115807,150402.63,0.07449,0.30331222,0.14276482,0.44607704,0.01595717,1,1,0,medium_high,2,11
S000235,U0041,1390089.0,490588.19,aggressive,109759.26,buy,SSE,657302,2026-01-05 10:18:00,69,6900,52.4441,361864.29,0.322871,0.144638,0.144638,244066.54,0.056686,0.26031735,0.07895844,0.33927579,0.02827098,0,0,0,low,2,10
S000236,U0073,1717803.0,179546.86,conservative,125311.5,buy,SZSE,523030,2026-01-05 11:16:00,43,4300,41.3699,177890.57,0.122958,0.031842,0.031842,202237.73,0.030679,0.10355703,0.0729487,0.17650573,0.02126211,0,0,0,low,0,11
S000237,U0172,1211693.0,214862.75,aggressive,166801.13,buy,SZSE,273646,2026-01-05 10:49:00,51,5100,31.8225,162294.75,0.479659,0.072054,0.072054,80089.86,0.010403,0.13394049,0.13765956,0.27160005,0.06367847,0,1,0,medium,2,10
S000238,U0065,359913.0,101050.95,moderate,28283.94,buy,SZSE,049118,2026-01-05 12:24:00,16,1600,46.221,73953.6,0.172042,-0.116851,0.116851,44320.61,0.01367,0.20547632,0.0785855,0.28406182,0.03610059,0,0,0,low,1,12
S000239,U0111,510953.0,10087.17,moderate,41624.22,buy,SZSE,125235,2026-01-05 10:46:00,1,100,74.9934,7499.34,0.105219,0.097192,0.097192,1093.37,0.119001,0.01467716,0.08146389,0.09614105,0.09146027,0,0,0,low,1,10
S000240,U0089,488905.0,406216.66,aggressive,3000.07,buy,SSE,600928,2026-01-05 10:44:00,84,8400,35.2917,296450.28,0.298735,-0.144894,0.144894,280891.59,0.017894,0.60635559,0.0061363,0.61249189,0.02990478,1,0,0,medium,2,10
S000241,U0077,1742686.0,425276.11,conservative,130952.91,buy,SZSE,330502,2026-01-05 11:40:00,65,6500,44.3785,288460.25,0.152568,-0.092857,0.092857,30755.18,0.107482,0.16552623,0.0751443,0.24067053,0.21134654,1,0,1,medium_high,0,11
S000242,U0193,1587683.0,84528.6,moderate,101198.95,buy,SZSE,451706,2026-01-05 11:33:00,18,1800,35.5842,64051.56,0.173422,0.043277,0.043277,11942.09,0.045013,0.04034279,0.06374002,0.10408281,0.15072741,0,0,1,medium,1,11
S000243,U0166,1677616.0,639771.41,moderate,198919.62,buy,SZSE,499304,2026-01-05 09:49:00,206,20600,27.1229,558731.74,0.188961,0.164158,0.164158,68987.45,0.069077,0.33305103,0.1185728,0.45162383,0.29860502,1,1,1,high,1,9
S000244,U0107,342497.0,24670.33,conservative,22750.59,buy,SZSE,986814,2026-01-05 11:10:00,3,300,67.1765,20152.95,0.222899,0.023255,0.023255,5511.29,0.005224,0.05884125,0.06642567,0.12526691,0.05443372,0,0,0,low,0,11
S000245,U0187,331481.0,78047.97,moderate,27024.25,buy,SZSE,230938,2026-01-05 12:28:00,9,900,69.0929,62183.61,0.124649,-0.102892,0.102892,12025.5,0.098755,0.18759329,0.0815258,0.26911909,0.07484094,0,0,0,low,1,12
S000246,U0148,590705.0,15641.59,aggressive,75503.54,buy,SZSE,048195,2026-01-05 11:13:00,3,300,48.9425,14682.75,0.149177,-0.135203,0.135203,1291.46,0.022246,0.02485632,0.12781937,0.15267569,0.23229473,0,0,1,medium,2,11
S000247,U0035,1284217.0,36710.78,moderate,209582.77,buy,SZSE,172561,2026-01-05 12:03:00,5,500,72.653,36326.5,0.118243,-0.028102,0.028102,11599.77,0.051881,0.02828689,0.16319888,0.19148576,0.04310432,0,0,0,low,1,12
S000248,U0099,921278.0,22988.16,aggressive,52705.06,buy,SZSE,412044,2026-01-05 10:10:00,41,4100,5.124,21008.4,0.619025,0.039621,0.039621,95771.45,0.087105,0.02280354,0.05720864,0.08001218,0.04281025,0,1,0,medium,2,10
S000249,U0045,1551806.0,240893.49,conservative,72807.26,buy,SZSE,566569,2026-01-05 11:48:00,25,2500,75.3345,188336.25,0.128906,-0.019501,0.019501,128714.01,0.063237,0.12136585,0.04691776,0.16828361,0.0194229,0,0,0,low,0,11
S000250,U0085,1227830.0,176862.34,moderate,89845.4,buy,SZSE,493005,2026-01-05 09:32:00,49,4900,31.1669,152717.81,0.332419,-0.0512,0.0512,102626.68,0.084411,0.12438026,0.07317414,0.1975544,0.04774587,0,0,0,low,1,9
S000251,U0061,892298.0,341866.76,moderate,107768.67,buy,SZSE,066790,2026-01-05 10:34:00,46,4600,69.1491,318085.86,0.117135,0.107209,0.107209,51551.01,0.068646,0.3564794,0.12077654,0.47725595,0.089232,1,0,0,medium,1,10
S000252,U0188,1487402.0,202795.2,moderate,19063.31,buy,SZSE,799376,2026-01-05 12:17:00,24,2400,57.3507,137641.68,0.51601,-0.088868,0.088868,10421.82,0.004623,0.09253832,0.01281651,0.10535483,0.23028601,0,1,1,medium_high,1,12
S000253,U0131,1608676.0,199847.12,moderate,201864.18,buy,SZSE,300254,2026-01-05 10:11:00,34,3400,56.8191,193184.94,0.304282,-0.05673,0.05673,14844.67,0.026591,0.1200894,0.12548467,0.24557407,0.2290385,0,0,1,medium,1,10
S000254,U0011,1176276.0,425867.33,moderate,108127.07,buy,SZSE,238694,2026-01-05 11:42:00,253,25300,11.2682,285085.46,0.138707,0.102362,0.102362,694485.44,0.110405,0.24236273,0.09192321,0.33428594,0.03642985,1,0,0,medium,1,11
S000255,U0084,1061372.0,46727.32,moderate,12980.6,buy,SZSE,042231,2026-01-05 11:08:00,6,600,66.7058,40023.48,0.272361,0.109669,0.109669,10292.01,0.11804,0.03770919,0.01223002,0.04993921,0.05829765,0,0,0,low,1,11
S000256,U0036,1726969.0,324872.26,moderate,214712.68,buy,SZSE,520568,2026-01-05 09:41:00,82,8200,26.7525,219370.5,0.312274,0.008,0.008,204016.41,0.004884,0.12702631,0.1243292,0.25135551,0.04019284,0,0,0,low,1,9
S000257,U0163,1624658.0,598303.14,conservative,157902.22,buy,SZSE,578902,2026-01-05 12:26:00,211,21100,26.4999,559147.89,0.340959,0.116737,0.116737,2783198.79,0.076695,0.34416344,0.09719105,0.44135449,0.0075812,1,0,0,medium,0,12
S000258,U0141,667070.0,234023.91,moderate,36596.52,buy,SZSE,868858,2026-01-05 11:55:00,24,2400,69.8709,167690.16,0.239246,0.07622,0.07622,28415.43,0.03681,0.25138315,0.05486159,0.30624474,0.08446115,1,0,0,medium,1,11
S000259,U0197,821562.0,194416.7,moderate,61669.89,buy,SSE,616456,2026-01-05 09:50:00,32,3200,52.0813,166660.16,0.248394,-0.244863,0.244863,34584.62,0.109234,0.20285768,0.0750642,0.27792188,0.09252668,0,1,0,medium,1,9
S000260,U0130,267432.0,133009.29,moderate,26828.87,buy,SZSE,407633,2026-01-05 10:22:00,22,2200,53.883,118542.6,0.300183,-0.012688,0.012688,44992.57,0.078663,0.44326259,0.10032034,0.54358293,0.04889697,1,0,0,medium,1,10
S000261,U0082,1227965.0,73481.11,moderate,105067.34,buy,SZSE,202346,2026-01-05 10:54:00,17,1700,29.7379,50554.43,0.16681,-0.238251,0.238251,327382.78,0.041278,0.04116928,0.08556216,0.12673144,0.0051927,0,1,0,medium,1,10
S000262,U0177,1165750.0,100692.51,conservative,89659.69,buy,SZSE,090310,2026-01-05 09:49:00,38,3800,21.9618,83454.84,0.180489,-0.115669,0.115669,28392.7,0.040168,0.07158897,0.07691159,0.14850056,0.13383723,0,0,1,medium,0,9
S000263,U0113,462313.0,115709.72,aggressive,75674.24,buy,SSE,602509,2026-01-05 10:49:00,16,1600,53.0042,84806.72,0.360921,-0.134192,0.134192,35308.98,0.01359,0.18344005,0.16368617,0.34712622,0.04531425,0,1,0,medium,2,10
S000264,U0054,445172.0,65245.35,conservative,32934.01,buy,SZSE,180777,2026-01-05 09:54:00,35,3500,15.098,52843.0,0.340008,-0.007975,0.007975,77745.85,0.026068,0.11870243,0.07398041,0.19268285,0.04501848,0,0,0,low,0,9
S000265,U0012,1814399.0,474098.51,moderate,113777.3,buy,SZSE,005943,2026-01-05 11:57:00,71,7100,57.796,410351.6,0.637821,0.1797,0.1797,383760.6,0.058308,0.22616393,0.06270798,0.2888719,0.01850112,0,1,0,medium,1,11
S000266,U0188,645230.0,268079.72,aggressive,112480.51,buy,SZSE,339027,2026-01-05 12:00:00,56,5600,46.0676,257978.56,0.202553,0.0594,0.0594,63709.04,0.042025,0.39982419,0.17432623,0.57415042,0.08789961,1,0,0,medium,2,12
S000267,U0078,1532531.0,1036142.56,aggressive,139135.73,buy,SZSE,503351,2026-01-05 09:33:00,198,19800,42.5981,843442.38,0.16127,0.205792,0.205792,547539.33,0.101631,0.5503591,0.0907882,0.6411473,0.03616179,1,1,0,medium_high,2,9
S000268,U0097,201288.0,84279.24,aggressive,5686.62,buy,SZSE,708770,2026-01-05 11:07:00,10,1000,57.1977,57197.7,0.121785,-0.135097,0.135097,6215.33,0.00946,0.28415852,0.02825115,0.31240967,0.16089254,0,0,1,medium,2,11
S000269,U0134,952645.0,19675.98,conservative,85147.97,buy,SZSE,358382,2026-01-05 11:53:00,5,500,36.0605,18030.25,0.185437,-0.132616,0.132616,25614.86,0.041507,0.01892652,0.08938059,0.10830711,0.01951992,0,0,0,low,0,11
S000270,U0027,826615.0,181776.86,conservative,29426.84,buy,SZSE,955020,2026-01-05 12:03:00,16,1600,76.838,122940.8,0.203774,0.097277,0.097277,6346.11,0.020458,0.14872801,0.03559921,0.18432721,0.25212283,0,0,1,medium,0,12
S000271,U0057,1986462.0,35539.37,moderate,227149.94,buy,SZSE,380087,2026-01-05 11:06:00,45,4500,7.133,32098.5,0.20338,0.062244,0.062244,35394.66,0.114921,0.01615863,0.114349,0.13050763,0.12713783,0,0,1,medium,1,11
S000272,U0165,276993.0,32762.43,aggressive,42571.34,buy,SZSE,163762,2026-01-05 09:45:00,4,400,57.6137,23045.48,0.304013,-0.251977,0.251977,4555.75,0.101746,0.08319878,0.15369103,0.23688981,0.08780114,0,1,0,medium,2,9
S000273,U0131,396599.0,23485.06,conservative,37859.63,buy,SZSE,279442,2026-01-05 11:14:00,4,400,57.5149,23005.96,0.239667,0.049112,0.049112,8347.7,0.066959,0.05800811,0.09546074,0.15346885,0.04791737,0,0,0,low,0,11
S000274,U0150,1808694.0,1359082.07,aggressive,86881.31,buy,SZSE,289549,2026-01-05 11:05:00,360,36000,25.711,925596.0,0.29382,-0.030755,0.030755,915172.12,0.04516,0.51174826,0.04803538,0.55978364,0.03933686,1,0,0,medium,2,11
S000275,U0030,1210462.0,114620.7,moderate,173573.46,buy,SZSE,717306,2026-01-05 12:19:00,13,1300,61.1513,79496.69,0.564422,-0.05939,0.05939,4405.47,0.070284,0.06567467,0.14339439,0.20906906,0.2950875,0,1,1,medium_high,1,12
S000276,U0021,552689.0,34600.49,moderate,7024.82,buy,SZSE,851441,2026-01-05 10:30:00,7,700,33.6855,23579.85,0.32172,0.07424,0.07424,29394.69,0.063557,0.04266387,0.01271026,0.05537413,0.02381383,0,0,0,low,1,10
S000277,U0018,869402.0,144235.16,moderate,106547.15,buy,SZSE,928288,2026-01-05 11:14:00,24,2400,46.7118,112108.32,0.31488,-0.267042,0.267042,34373.66,0.113968,0.12894877,0.12255223,0.251501,0.06982091,0,1,0,medium,1,11
S000278,U0197,548121.0,260983.75,moderate,5393.82,buy,SZSE,578998,2026-01-05 09:53:00,205,20500,11.0491,226506.55,0.417576,0.175196,0.175196,321697.1,0.076827,0.41324188,0.00984056,0.42308244,0.06372454,1,1,0,medium_high,1,9
S000279,U0140,1651348.0,848688.39,aggressive,13125.44,buy,SZSE,277821,2026-01-05 09:39:00,140,14000,50.6505,709107.0,0.329672,0.228503,0.228503,184072.13,0.084211,0.429411,0.00794832,0.43735932,0.07605714,1,1,0,medium_high,2,9
S000280,U0193,626172.0,68030.63,conservative,54952.13,buy,SZSE,027814,2026-01-05 11:34:00,25,2500,18.7122,46780.5,0.159932,0.072631,0.072631,14322.43,0.04053,0.07470871,0.08775884,0.16246754,0.17455139,0,0,1,medium,0,11
S000281,U0091,537971.0,18828.96,moderate,83409.69,buy,SZSE,125969,2026-01-05 12:18:00,2,200,64.5365,12907.3,0.632941,0.144739,0.144739,1050.68,0.100646,0.02399256,0.15504495,0.17903751,0.19035316,0,1,1,medium_high,1,12
S000282,U0095,1250822.0,27249.18,conservative,22277.54,buy,SZSE,552846,2026-01-05 09:43:00,14,1400,17.0995,23939.3,0.227382,0.071193,0.071193,19977.28,0.100812,0.01913885,0.01781032,0.03694917,0.07007962,0,0,0,low,0,9
S000283,U0071,441146.0,39664.32,moderate,50795.18,buy,SZSE,274686,2026-01-05 11:03:00,11,1100,28.7956,31675.16,0.282982,-0.185991,0.185991,38905.0,0.117581,0.07180199,0.11514371,0.18694569,0.028274,0,1,0,medium,1,11
S000284,U0132,1913738.0,436743.41,moderate,236472.23,buy,SZSE,755805,2026-01-05 10:34:00,150,15000,22.7742,341613.0,0.441532,0.034287,0.034287,62941.39,0.075285,0.17850563,0.12356562,0.30207125,0.23831695,1,1,1,high,1,10
S000285,U0131,910800.0,253280.82,conservative,8661.59,buy,SZSE,197978,2026-01-05 10:45:00,27,2700,67.9602,183492.54,0.149796,-0.030558,0.030558,280029.04,0.105733,0.20146304,0.00950987,0.21097292,0.00964186,1,0,0,medium,0,10
S000286,U0037,264136.0,5186.92,conservative,24817.43,buy,SZSE,520427,2026-01-05 10:37:00,5,500,8.9011,4450.55,0.118389,-0.02637,0.02637,50176.58,0.058325,0.01684946,0.09395703,0.11080649,0.00996481,0,0,0,low,0,10
S000287,U0119,424215.0,21520.67,moderate,62810.11,buy,SZSE,994609,2026-01-05 11:55:00,6,600,24.2429,14545.74,0.515348,0.084695,0.084695,3140.79,0.104903,0.0342886,0.14806197,0.18235058,0.19103475,0,1,1,medium_high,1,11
S000288,U0177,1769786.0,596975.87,moderate,183399.52,buy,SZSE,501268,2026-01-05 10:48:00,142,14200,32.4455,460726.1,0.646084,-0.218849,0.218849,1435598.23,0.107333,0.26032871,0.10362808,0.36395678,0.00989135,1,1,0,medium_high,1,10
S000289,U0196,1907600.0,867990.03,moderate,131996.67,buy,SZSE,735313,2026-01-05 10:26:00,457,45700,17.4441,797195.37,0.209775,-0.256492,0.256492,1247341.79,0.013252,0.41790489,0.06919515,0.48710004,0.03663791,1,1,0,medium_high,1,10
S000290,U0153,1006347.0,226413.54,conservative,98218.76,buy,SZSE,135074,2026-01-05 10:34:00,35,3500,58.9675,206386.25,0.288339,0.26056,0.26056,27384.78,0.05026,0.20508458,0.0975993,0.30268388,0.12780822,1,1,1,high,0,10
S000291,U0157,1514429.0,40937.18,conservative,157362.84,buy,SSE,609916,2026-01-05 11:17:00,9,900,31.936,28742.4,0.519131,0.204845,0.204845,11362.67,0.103918,0.01897903,0.10390902,0.12288806,0.07920677,0,1,0,medium,0,11
S000292,U0151,603833.0,54837.83,moderate,26454.36,buy,SZSE,334780,2026-01-05 10:21:00,74,7400,5.6645,41917.3,0.412301,0.075294,0.075294,126541.86,0.014328,0.0694187,0.04381071,0.11322941,0.05847867,0,1,0,medium,1,10
S000293,U0117,991547.0,98520.12,moderate,53500.54,buy,SZSE,052346,2026-01-05 10:56:00,55,5500,13.1773,72475.15,0.176319,-0.133555,0.133555,271727.77,0.105855,0.07309301,0.05395664,0.12704964,0.02024085,0,0,0,low,1,10
S000294,U0082,331550.0,10367.45,aggressive,40507.0,buy,SZSE,966620,2026-01-05 12:14:00,1,100,75.7728,7577.28,0.275168,-0.137215,0.137215,2692.55,0.053914,0.02285411,0.12217463,0.14502874,0.03713955,0,0,0,low,2,12
S000295,U0087,1024676.0,293554.13,moderate,29711.17,buy,SZSE,924320,2026-01-05 11:55:00,362,36200,7.0613,255619.06,0.591758,-0.08837,0.08837,1632116.47,0.036832,0.2494633,0.02899567,0.27845897,0.02217979,0,1,0,medium,1,11
S000296,U0068,1165342.0,494138.68,aggressive,175647.28,buy,SZSE,044275,2026-01-05 11:45:00,101,10100,47.6291,481053.91,0.261265,0.126799,0.126799,41369.95,0.017985,0.41280063,0.15072595,0.56352658,0.24413856,1,0,1,medium_high,2,11
S000297,U0002,473792.0,78949.29,moderate,25365.43,buy,SSE,698439,2026-01-05 09:42:00,16,1600,35.2849,56455.84,0.174194,0.142114,0.142114,19760.67,0.027861,0.11915744,0.05353705,0.17269449,0.08096891,0,0,0,low,1,9
S000298,U0010,1024548.0,296190.98,moderate,150851.11,buy,SSE,627391,2026-01-05 11:10:00,98,9800,27.4654,269160.92,0.446071,-0.133331,0.133331,229002.96,0.07613,0.26271187,0.14723675,0.40994862,0.04279421,1,1,0,medium_high,1,11
S000299,U0008,1351918.0,131704.64,moderate,104718.58,buy,SZSE,568851,2026-01-05 11:11:00,23,2300,56.4187,129763.01,0.242378,0.01609,0.01609,10259.46,0.014801,0.09598438,0.07745927,0.17344365,0.2241833,0,0,1,medium,1,11
S000300,U0086,1461086.0,42134.3,moderate,79772.04,buy,SZSE,560807,2026-01-05 10:20:00,47,4700,7.7166,36268.02,0.577692,0.150461,0.150461,202221.93,0.051885,0.02482265,0.05459777,0.07942042,0.02324179,0,1,0,medium,1,10
S000301,U0046,627173.0,83243.05,moderate,79906.92,buy,SZSE,911103,2026-01-05 10:51:00,18,1800,39.6927,71446.86,0.249403,-0.023608,0.023608,33939.39,0.041099,0.1139189,0.1274081,0.241327,0.05303573,0,0,0,low,1,10
S000302,U0097,286599.0,51866.12,aggressive,13859.44,buy,SSE,659191,2026-01-05 11:58:00,8,800,57.9882,46390.56,0.217308,-0.076368,0.076368,12085.06,0.027954,0.16186574,0.0483583,0.21022404,0.06619745,0,0,0,low,2,11
S000303,U0137,1552189.0,233013.84,moderate,183949.1,buy,SZSE,195267,2026-01-05 10:36:00,152,15200,13.0283,198030.16,0.186548,-0.161883,0.161883,403489.84,0.099684,0.12758122,0.11850947,0.24609069,0.03767133,0,1,0,medium,1,10
S000304,U0009,273770.0,54477.34,moderate,20477.49,buy,SZSE,290166,2026-01-05 12:05:00,36,3600,11.9496,43018.56,0.10794,0.046231,0.046231,89411.72,0.103803,0.15713394,0.07479816,0.23193211,0.04026318,0,0,0,low,1,12
S000305,U0113,1178705.0,154929.95,aggressive,2631.49,buy,SZSE,421979,2026-01-05 10:31:00,20,2000,71.7512,143502.4,0.307662,4e-05,4e-05,26348.66,0.043899,0.12174581,0.00223253,0.12397834,0.07590519,0,0,0,low,2,10
S000306,U0072,207596.0,47608.91,moderate,18441.79,buy,SZSE,573283,2026-01-05 11:22:00,21,2100,17.395,36529.5,0.408916,0.138285,0.138285,8329.74,0.117335,0.17596437,0.08883499,0.26479936,0.25210877,0,1,1,medium_high,1,11
S000307,U0013,1594750.0,414407.53,moderate,43017.31,buy,SZSE,754943,2026-01-05 09:57:00,45,4500,69.0589,310765.05,0.290573,0.101269,0.101269,61407.82,0.106248,0.19486757,0.02697433,0.22184189,0.07328057,0,0,0,low,1,9
S000308,U0150,788027.0,142380.88,conservative,42360.29,buy,SZSE,498168,2026-01-05 10:05:00,19,1900,57.7203,109668.57,0.119192,0.134237,0.134237,20869.48,0.064916,0.13916854,0.05375487,0.19292342,0.09104205,0,0,0,low,0,10
S000309,U0021,1164345.0,249317.17,moderate,82929.82,buy,SZSE,358839,2026-01-05 11:25:00,33,3300,64.3026,212198.58,0.112739,0.051715,0.051715,15198.18,0.074505,0.18224717,0.07122444,0.25347161,0.21713121,0,0,1,medium,1,11
S000310,U0027,1106766.0,179537.22,moderate,4344.72,buy,SZSE,808087,2026-01-05 09:35:00,37,3700,46.2409,171091.33,0.643257,-0.171144,0.171144,13414.0,0.072786,0.15458672,0.0039256,0.15851233,0.27583115,0,1,1,medium_high,1,9
S000311,U0072,832585.0,104826.46,aggressive,64883.21,buy,SSE,690215,2026-01-05 10:16:00,28,2800,30.6042,85691.76,0.210028,0.103148,0.103148,127425.24,0.081058,0.10292254,0.07792983,0.18085237,0.02197367,0,0,0,low,2,10
S000312,U0082,410318.0,106128.86,conservative,17710.46,buy,SZSE,470114,2026-01-05 09:34:00,27,2700,37.0072,99919.44,0.103245,-0.123447,0.123447,31900.99,0.079754,0.24351708,0.04316277,0.28667984,0.08463688,1,0,0,medium,0,9
S000313,U0154,251485.0,60801.73,moderate,7315.47,buy,SZSE,720136,2026-01-05 09:55:00,10,1000,41.623,41623.0,0.440105,-0.017117,0.017117,11686.02,0.112264,0.16550888,0.02908908,0.19459795,0.08557236,0,1,0,medium,1,9
S000314,U0117,1525212.0,623073.24,moderate,94340.47,buy,SSE,667318,2026-01-05 12:19:00,98,9800,57.064,559227.2,0.282461,0.10409,0.10409,214097.98,0.004232,0.36665539,0.06185401,0.4285094,0.04577343,1,0,0,medium,1,12
S000315,U0162,1274528.0,137847.14,moderate,168911.73,buy,SZSE,495295,2026-01-05 11:58:00,21,2100,64.9336,136360.56,0.201288,-0.11476,0.11476,7685.6,0.004441,0.10698907,0.13252885,0.23951792,0.27323839,0,0,1,medium,1,11
S000316,U0157,1137255.0,644684.58,moderate,41207.09,buy,SZSE,017947,2026-01-05 10:52:00,213,21300,24.9215,530827.95,0.336037,-0.115333,0.115333,566348.74,0.040594,0.46676247,0.03623382,0.50299628,0.03760934,1,0,0,medium,1,10
S000317,U0187,833328.0,74072.83,moderate,46967.22,buy,SZSE,793492,2026-01-05 09:30:00,7,700,72.4611,50722.77,0.33032,0.082083,0.082083,54342.74,0.093262,0.06086771,0.05636102,0.11722874,0.0128812,0,0,0,low,1,9
S000318,U0141,944781.0,119312.23,aggressive,156685.07,buy,SZSE,387062,2026-01-05 10:58:00,17,1700,65.1876,110818.92,0.522304,-0.214741,0.214741,124213.56,0.044756,0.11729588,0.16584275,0.28313863,0.01368611,0,1,0,medium,2,10
S000319,U0053,213415.0,19976.7,conservative,22996.12,buy,SZSE,016957,2026-01-05 09:33:00,3,300,55.7299,16718.97,0.309287,-0.01283,0.01283,6378.73,0.079563,0.07834018,0.10775307,0.18609325,0.04703132,0,0,0,low,0,9
S000320,U0027,1822511.0,516712.63,aggressive,261286.15,buy,SZSE,855755,2026-01-05 11:58:00,612,61200,6.1566,376783.92,0.249572,0.053093,0.053093,977895.84,0.091438,0.2067389,0.14336602,0.35010492,0.06258335,0,0,0,low,2,11
S000321,U0183,1617485.0,261290.72,moderate,92512.48,buy,SZSE,178652,2026-01-05 12:16:00,27,2700,73.1134,197406.18,0.30452,0.099342,0.099342,34048.16,0.014922,0.12204514,0.05719526,0.1792404,0.07929943,0,0,0,low,1,12
S000322,U0033,945077.0,115377.1,moderate,123836.93,buy,SZSE,430881,2026-01-05 11:12:00,14,1400,56.4531,79034.34,0.212024,-0.026744,0.026744,19595.33,0.036445,0.08362741,0.13103369,0.2146611,0.07144561,0,0,0,low,1,11
S000323,U0010,592154.0,175676.41,moderate,64536.18,buy,SZSE,575677,2026-01-05 11:35:00,47,4700,28.5453,134162.91,0.249897,-0.115267,0.115267,58210.9,0.087775,0.2265676,0.10898547,0.33555307,0.0807409,1,0,0,medium,1,11
S000324,U0025,1931763.0,304886.24,conservative,200551.93,buy,SZSE,272932,2026-01-05 12:00:00,34,3400,68.4139,232607.26,0.230496,0.013401,0.013401,361943.12,0.067152,0.1204119,0.10381808,0.22422999,0.00939374,1,0,0,medium,0,12
S000325,U0016,1071994.0,79180.19,moderate,165263.54,buy,SZSE,139220,2026-01-05 10:29:00,34,3400,21.5985,73434.9,0.124736,0.011638,0.011638,333208.76,0.050052,0.06850309,0.15416461,0.2226677,0.01020381,0,0,0,low,1,10
S000326,U0168,507246.0,57930.1,conservative,42816.98,buy,SZSE,826100,2026-01-05 10:38:00,12,1200,32.7411,39289.32,0.312381,0.042235,0.042235,27948.93,0.081152,0.07745615,0.08441069,0.16186684,0.04293545,0,0,0,low,0,10
S000327,U0064,1229036.0,118534.0,conservative,120824.87,buy,SZSE,458741,2026-01-05 09:33:00,13,1300,79.18,102934.0,0.26141,-0.074556,0.074556,25927.13,0.115533,0.08375182,0.09830865,0.18206047,0.05014053,0,0,0,low,0,9
S000328,U0028,241169.0,114966.86,moderate,29283.32,buy,SZSE,749940,2026-01-05 11:39:00,188,18800,4.679,87965.2,0.168674,-0.078479,0.078479,1609492.73,0.09596,0.36474505,0.12142239,0.48616745,0.0116807,1,0,0,medium,1,11
S000329,U0125,1088683.0,601415.34,moderate,56539.13,buy,SSE,626394,2026-01-05 11:51:00,100,10000,47.0369,470369.0,0.317161,0.231536,0.231536,142240.5,0.116039,0.43205322,0.05193351,0.48398673,0.07030346,1,1,0,medium_high,1,11
S000330,U0072,607554.0,98871.08,aggressive,99870.13,buy,SZSE,409473,2026-01-05 12:19:00,11,1100,78.1431,85957.41,0.315018,-0.071422,0.071422,31820.66,0.115444,0.1414811,0.16438067,0.30586177,0.03456874,0,0,0,low,2,12
S000331,U0169,452974.0,93610.87,moderate,41842.75,buy,SZSE,785877,2026-01-05 11:16:00,27,2700,33.5303,90531.81,0.289472,-0.151081,0.151081,19253.33,0.047977,0.19986094,0.0923734,0.29223434,0.14023546,0,1,1,medium_high,1,11
S000332,U0085,1040198.0,518269.44,moderate,153985.71,buy,SZSE,012343,2026-01-05 11:57:00,77,7700,45.4314,349821.78,0.60011,-0.147545,0.147545,796249.81,0.077133,0.33630307,0.148035,0.48433807,0.00967033,1,1,0,medium_high,1,11
S000333,U0068,636831.0,210144.03,moderate,15348.25,buy,SZSE,969453,2026-01-05 11:42:00,70,7000,20.5006,143504.2,0.214989,-0.215448,0.215448,75127.74,0.005244,0.2253411,0.02410097,0.24944207,0.09317464,0,1,0,medium,1,11
S000334,U0169,1844192.0,215708.3,conservative,102078.74,buy,SZSE,353844,2026-01-05 11:57:00,39,3900,52.6784,205445.76,0.291286,-0.042159,0.042159,191100.85,0.018267,0.1114015,0.05535147,0.16675297,0.02040807,0,0,0,low,0,11
S000335,U0124,881514.0,445941.14,moderate,13694.78,buy,SZSE,498751,2026-01-05 10:24:00,81,8100,47.361,383624.1,0.343871,0.080348,0.080348,122531.06,0.097177,0.43518776,0.01553552,0.45072328,0.06610569,1,0,0,medium,1,10
S000336,U0169,1676065.0,445760.76,conservative,88797.77,buy,SZSE,356942,2026-01-05 09:49:00,47,4700,72.681,341600.7,0.4837,0.102078,0.102078,56989.32,0.021201,0.20381113,0.05297991,0.25679104,0.0824716,1,1,0,medium_high,0,9
S000337,U0047,1674829.0,102896.42,moderate,259091.18,buy,SZSE,902351,2026-01-05 11:53:00,12,1200,78.5577,94269.24,0.312002,-0.037083,0.037083,13139.16,0.048566,0.05628589,0.15469709,0.21098298,0.09133007,0,0,0,low,1,11
S000338,U0078,1438128.0,302229.02,moderate,164208.31,buy,SZSE,212301,2026-01-05 10:48:00,67,6700,31.2647,209473.49,0.114834,0.141236,0.141236,140172.61,0.019061,0.14565706,0.11418198,0.25983904,0.04779821,0,0,0,low,1,10
S000339,U0012,1216559.0,547568.55,moderate,46979.8,buy,SZSE,714350,2026-01-05 11:40:00,694,69400,7.519,521818.6,0.160166,-0.142814,0.142814,737698.02,0.025272,0.42892996,0.03861695,0.46754691,0.09407644,1,0,0,medium,1,11
S000340,U0087,908739.0,168050.51,moderate,120179.82,buy,SZSE,200314,2026-01-05 11:14:00,23,2300,49.1617,113071.91,0.244285,0.192326,0.192326,30234.55,0.013807,0.12442727,0.132249,0.25667627,0.07607191,0,1,0,medium,1,11
S000341,U0163,1028530.0,168624.78,moderate,132492.0,buy,SZSE,057950,2026-01-05 09:57:00,38,3800,38.983,148135.4,0.275759,-0.045529,0.045529,62551.22,0.072761,0.14402633,0.12881686,0.27284318,0.06075021,0,0,0,low,1,9
S000342,U0062,1192922.0,112475.1,conservative,2295.97,buy,SSE,692282,2026-01-05 11:46:00,13,1300,65.8448,85598.24,0.629894,0.086126,0.086126,42075.39,0.080978,0.0717551,0.00192466,0.07367977,0.03089692,0,1,0,medium,0,11
S000343,U0181,1580349.0,377722.3,aggressive,261764.19,buy,SZSE,986981,2026-01-05 10:43:00,47,4700,74.4357,349847.79,0.31602,-0.050274,0.050274,102253.86,0.074895,0.22137375,0.16563695,0.38701071,0.04596404,0,0,0,low,2,10
S000344,U0142,1759655.0,434981.11,aggressive,47611.63,buy,SZSE,180435,2026-01-05 09:58:00,53,5300,62.2083,329703.99,0.182077,0.101,0.101,103058.76,0.084803,0.18736854,0.02705736,0.21442591,0.05142697,0,0,0,low,2,9
S000345,U0017,1627770.0,376437.01,moderate,92406.82,buy,SZSE,584904,2026-01-05 12:03:00,73,7300,41.3951,302184.23,0.174313,0.223493,0.223493,59140.0,0.075213,0.18564308,0.05676897,0.24241204,0.12343591,0,1,1,medium_high,1,12
S000346,U0151,1148133.0,319645.47,conservative,51140.0,buy,SZSE,233707,2026-01-05 09:47:00,29,2900,79.0849,229346.21,0.577072,-0.061958,0.061958,53103.93,0.022962,0.19975579,0.04454188,0.24429766,0.05460989,1,1,0,medium_high,0,9
S000347,U0132,328104.0,44888.57,moderate,19724.57,buy,SZSE,210800,2026-01-05 10:55:00,12,1200,29.9999,35999.88,0.412694,0.078145,0.078145,20179.1,0.058728,0.10972094,0.06011682,0.16983777,0.05946746,0,1,0,medium,1,10
S000348,U0019,513565.0,212835.09,aggressive,91919.3,buy,SZSE,447914,2026-01-05 09:56:00,30,3000,53.1956,159586.8,0.289059,0.015822,0.015822,50036.07,0.04008,0.31074314,0.1789828,0.48972594,0.05995675,1,0,0,medium,2,9
S000349,U0135,1203387.0,468079.94,aggressive,196804.68,buy,SZSE,196117,2026-01-05 11:03:00,98,9800,47.1282,461856.36,0.106675,-0.120804,0.120804,218830.6,0.013191,0.38379703,0.1635423,0.54733934,0.0447835,1,0,0,medium,2,11
S000350,U0136,1514057.0,70463.56,moderate,209993.86,buy,SZSE,705045,2026-01-05 10:52:00,8,800,79.7437,63794.96,0.272194,0.07975,0.07975,10204.02,0.02468,0.04213511,0.13869614,0.18083125,0.07840046,0,0,0,low,1,10
S000351,U0088,1907290.0,310816.95,moderate,118998.87,buy,SZSE,052043,2026-01-05 10:06:00,39,3900,55.9724,218292.36,0.278157,-0.236326,0.236326,153195.07,0.052868,0.11445158,0.0623916,0.17684318,0.02545774,0,1,0,medium,1,10
S000352,U0077,1731397.0,344386.82,moderate,141230.85,buy,SSE,679368,2026-01-05 10:21:00,71,7100,33.3682,236914.22,0.155552,0.059889,0.059889,120373.17,0.048746,0.13683414,0.08157046,0.2184046,0.05898325,0,0,0,low,1,10
S000353,U0119,1215389.0,39983.09,moderate,47947.02,buy,SZSE,115894,2026-01-05 10:01:00,5,500,76.2376,38118.8,0.119026,-0.143146,0.143146,29664.81,0.047964,0.03136346,0.03944994,0.0708134,0.01685499,0,0,0,low,1,10
S000354,U0038,501594.0,29915.64,conservative,54071.04,buy,SZSE,449972,2026-01-05 11:17:00,4,400,61.6894,24675.76,0.259673,-0.073957,0.073957,4980.79,0.049878,0.04919469,0.10779841,0.1569931,0.08030858,0,0,0,low,0,11
S000355,U0115,996089.0,305298.29,moderate,83085.53,buy,SZSE,589392,2026-01-05 12:10:00,271,27100,7.6303,206781.13,0.310144,0.07866,0.07866,1851135.18,0.0151,0.20759303,0.08341175,0.29100478,0.01463967,0,0,0,low,1,12
S000356,U0017,1669997.0,108853.91,moderate,250324.15,buy,SZSE,722334,2026-01-05 12:00:00,113,11300,7.3973,83589.49,0.191575,0.083307,0.083307,107883.82,0.114786,0.05005368,0.14989497,0.19994864,0.10474231,0,0,1,medium,1,12
S000357,U0124,1967747.0,1030622.29,aggressive,176845.72,buy,SZSE,538662,2026-01-05 09:41:00,1161,116100,6.7655,785474.55,0.179524,-0.05034,0.05034,2696490.45,0.118219,0.39917456,0.08987218,0.48904675,0.04305597,1,0,0,medium,2,9
S000358,U0148,1345565.0,521784.74,aggressive,207994.13,buy,SZSE,372029,2026-01-05 12:23:00,84,8400,46.3129,389028.36,0.301526,-0.029908,0.029908,180366.89,0.089882,0.28911896,0.15457754,0.4436965,0.04657174,1,0,0,medium,2,12
S000359,U0082,628454.0,211701.06,moderate,29563.29,buy,SSE,678377,2026-01-05 11:36:00,360,36000,5.5734,200642.4,0.190705,-0.098713,0.098713,1402212.29,0.065883,0.31926346,0.0470413,0.36630476,0.02567372,1,0,0,medium,1,11
S000360,U0067,1154960.0,238533.96,conservative,14815.49,buy,SZSE,143584,2026-01-05 11:19:00,29,2900,59.3983,172255.07,0.226756,-0.00104,0.00104,30586.9,0.039369,0.14914375,0.01282771,0.16197146,0.09481184,0,0,0,low,0,11
S000361,U0177,1828563.0,141100.65,moderate,253703.36,buy,SZSE,447720,2026-01-05 11:16:00,26,2600,48.1762,125258.12,0.322631,-0.125627,0.125627,34158.75,0.003508,0.06850085,0.13874467,0.20724552,0.07611519,0,0,0,low,1,11
S000362,U0010,1331127.0,30134.69,moderate,153016.05,buy,SZSE,316121,2026-01-05 10:35:00,4,400,51.9987,20799.48,0.134686,0.084739,0.084739,8185.31,0.058394,0.01562547,0.11495226,0.13057772,0.04886801,0,0,0,low,1,10
S000363,U0053,1325439.0,303959.94,conservative,86614.53,buy,SZSE,931864,2026-01-05 11:57:00,158,15800,16.1445,255083.1,0.371382,-0.107759,0.107759,302375.88,0.078602,0.19245178,0.0653478,0.25779959,0.05225285,1,1,0,medium_high,0,11
S000364,U0050,1422454.0,309669.95,moderate,128560.82,buy,SZSE,580686,2026-01-05 09:31:00,459,45900,5.7738,265017.42,0.289486,0.103751,0.103751,2724795.58,0.027318,0.18631001,0.0903796,0.27668961,0.0168453,0,0,0,low,1,9
S000365,U0081,863046.0,43618.26,conservative,52592.0,buy,SZSE,551859,2026-01-05 11:52:00,5,500,67.1387,33569.35,0.523637,-0.099205,0.099205,38225.74,0.002309,0.03889636,0.06093766,0.09983402,0.01308019,0,1,0,medium,0,11
S000366,U0144,1737125.0,1076250.32,aggressive,302218.94,buy,SZSE,563742,2026-01-05 10:12:00,360,36000,21.1575,761670.0,0.200879,0.10032,0.10032,445155.88,0.11977,0.43846586,0.17397651,0.61244236,0.08087055,1,0,0,medium,2,10
S000367,U0059,400545.0,46108.38,conservative,25843.92,buy,SSE,615965,2026-01-05 09:46:00,11,1100,34.1388,37552.68,0.379771,-0.161551,0.161551,23876.3,0.019665,0.09375396,0.0645219,0.15827586,0.04607079,0,1,0,medium,0,9
S000368,U0197,1368479.0,166756.06,conservative,81576.82,buy,SZSE,734172,2026-01-05 11:23:00,36,3600,34.1938,123097.68,0.526998,0.081603,0.081603,49244.79,0.093861,0.08995219,0.0596113,0.14956349,0.07310418,0,1,0,medium,0,11
S000369,U0119,258760.0,34744.27,moderate,35478.22,buy,SZSE,931327,2026-01-05 11:58:00,7,700,36.7201,25704.07,0.217288,0.057027,0.057027,6460.47,0.062469,0.09933556,0.1371086,0.23644416,0.10835131,0,0,1,medium,1,11
S000370,U0085,1305892.0,599367.47,moderate,109039.49,buy,SZSE,213354,2026-01-05 10:00:00,68,6800,59.2349,402797.32,0.201254,0.061673,0.061673,81084.2,0.036411,0.30844612,0.08349809,0.39194421,0.08386344,1,0,0,medium,1,10
S000371,U0043,1912142.0,490160.73,aggressive,173055.58,buy,SZSE,895596,2026-01-05 11:50:00,120,12000,31.9616,383539.2,0.30063,-0.057807,0.057807,381963.29,0.101948,0.20058092,0.09050352,0.29108444,0.03141663,0,0,0,low,2,11
S000372,U0060,1740352.0,378998.09,moderate,277018.31,buy,SSE,610743,2026-01-05 10:16:00,57,5700,64.1031,365387.67,0.185512,0.254684,0.254684,21931.0,0.058388,0.20995044,0.15917372,0.36912417,0.25990609,1,1,1,high,1,10
S000373,U0188,273470.0,116713.36,moderate,1354.44,buy,SZSE,986073,2026-01-05 11:15:00,27,2700,30.0766,81206.82,0.234976,-0.024129,0.024129,468359.89,0.020885,0.29694965,0.0049528,0.30190245,0.0057648,1,0,0,medium,1,11
S000374,U0103,1589534.0,314945.47,moderate,125246.55,buy,SZSE,100824,2026-01-05 09:51:00,453,45300,5.1694,234173.82,0.2129,-0.033737,0.033737,901992.9,0.058206,0.14732231,0.07879451,0.22611682,0.05022212,0,0,0,low,1,9
S000375,U0097,944237.0,446015.05,aggressive,100896.86,buy,SZSE,712969,2026-01-05 11:20:00,58,5800,51.2878,297469.24,0.222457,-0.037784,0.037784,23113.74,0.014505,0.31503663,0.10685544,0.42189207,0.25093305,1,0,1,medium_high,2,11
S000376,U0029,1256361.0,516986.33,moderate,156991.6,buy,SZSE,157956,2026-01-05 10:55:00,61,6100,71.2647,434714.67,0.300198,-0.258413,0.258413,26002.16,0.031536,0.34601096,0.1249574,0.47096835,0.23459589,1,1,1,high,1,10
S000377,U0008,335817.0,36950.78,aggressive,36933.63,buy,SZSE,839805,2026-01-05 10:44:00,6,600,55.8661,33519.66,0.456908,-0.050771,0.050771,4568.6,0.099787,0.09981526,0.10998141,0.20979667,0.13133122,0,1,1,medium_high,2,10
S000378,U0075,1312124.0,759436.8,moderate,60675.92,buy,SSE,691601,2026-01-05 10:39:00,98,9800,55.3755,542679.9,0.52497,0.040712,0.040712,886506.01,0.025699,0.41358888,0.04624252,0.4598314,0.01105463,1,1,0,medium_high,1,10
S000379,U0196,779156.0,253842.96,conservative,78055.37,buy,SZSE,505383,2026-01-05 11:55:00,552,55200,4.0745,224912.4,0.107594,0.086828,0.086828,959560.3,0.05707,0.28866158,0.10017939,0.38884096,0.05752635,1,0,0,medium,0,11
S000380,U0189,1839605.0,140824.12,conservative,95148.95,buy,SZSE,551108,2026-01-05 11:59:00,21,2100,49.7433,104460.93,0.206206,0.066482,0.066482,44189.69,0.102589,0.05678443,0.05172249,0.10850692,0.0475224,0,0,0,low,0,11
S000381,U0141,483091.0,6336.84,moderate,27058.14,buy,SZSE,364277,2026-01-05 12:22:00,2,200,22.901,4580.2,0.235834,-0.060726,0.060726,3464.83,0.050223,0.00948103,0.05601044,0.06549147,0.05772282,0,0,0,low,1,12
S000382,U0129,870431.0,76623.3,conservative,67418.25,buy,SZSE,059174,2026-01-05 10:23:00,10,1000,64.5888,64588.8,0.224816,0.119489,0.119489,14591.05,0.021831,0.07420324,0.07745387,0.15165711,0.06853515,0,0,0,low,0,10
S000383,U0030,307850.0,25464.0,conservative,25025.54,buy,SZSE,549464,2026-01-05 11:09:00,3,300,64.508,19352.4,0.41814,0.161108,0.161108,1653.79,0.02499,0.06286308,0.08129136,0.14415444,0.18140166,0,1,1,medium_high,0,11
S000384,U0149,739919.0,106966.92,moderate,97720.2,buy,SZSE,805712,2026-01-05 09:36:00,49,4900,16.2242,79498.58,0.410021,0.14564,0.14564,126657.93,0.003415,0.10744227,0.13206878,0.23951105,0.03868688,0,1,0,medium,1,9
S000385,U0062,1785536.0,86607.44,conservative,73254.16,buy,SZSE,506647,2026-01-05 12:23:00,9,900,75.0188,67516.92,0.201691,-0.138744,0.138744,4167.2,0.08122,0.03781325,0.04102642,0.07883967,0.21597219,0,0,1,medium,0,12
S000386,U0094,324525.0,133008.68,moderate,21463.04,buy,SZSE,567296,2026-01-05 09:40:00,20,2000,53.1549,106309.8,0.229927,0.009721,0.009721,64896.62,0.044733,0.32758586,0.06613678,0.39372264,0.03081825,1,0,0,medium,1,9
S000387,U0004,856264.0,376851.98,moderate,111242.79,buy,SZSE,100986,2026-01-05 09:32:00,37,3700,76.4263,282777.31,0.547316,0.064843,0.064843,465958.76,0.113408,0.33024547,0.12991646,0.46016193,0.00794062,1,1,0,medium_high,1,9
S000388,U0023,215145.0,45055.55,moderate,13652.6,buy,SZSE,163169,2026-01-05 11:55:00,6,600,59.1045,35462.7,0.324,0.021512,0.021512,25080.25,0.034448,0.16483163,0.06345767,0.2282893,0.02392321,0,0,0,low,1,11
S000389,U0107,1717102.0,401564.79,moderate,34953.52,buy,SSE,680727,2026-01-05 11:18:00,76,7600,38.5097,292673.72,0.249637,0.023098,0.023098,39904.57,0.091531,0.17044632,0.02035611,0.19080243,0.19045439,0,0,1,medium,1,11
S000390,U0146,681124.0,94480.22,moderate,100376.52,buy,SZSE,936638,2026-01-05 10:24:00,156,15600,4.5677,71256.12,0.325603,0.056268,0.056268,167954.3,0.077885,0.10461549,0.14736894,0.25198443,0.09288241,0,0,0,low,1,10
S000391,U0030,854199.0,23087.09,moderate,137487.31,buy,SZSE,598284,2026-01-05 10:24:00,10,1000,19.6397,19639.7,0.600689,0.133913,0.133913,10691.11,0.102002,0.02299195,0.16095467,0.18394661,0.09353563,0,1,0,medium,1,10
S000392,U0161,1677870.0,258134.81,moderate,95534.93,buy,SZSE,188838,2026-01-05 11:54:00,72,7200,28.3287,203966.64,0.193179,0.020878,0.020878,173611.77,0.103966,0.12156284,0.05693822,0.17850106,0.04147184,0,0,0,low,1,11
S000393,U0080,1850004.0,184051.54,conservative,69308.88,buy,SZSE,212067,2026-01-05 11:26:00,23,2300,78.0899,179606.77,0.292513,-0.063961,0.063961,42433.16,0.09417,0.09708453,0.03746418,0.13454871,0.0542029,0,0,0,low,0,11
S000394,U0010,1234104.0,574703.18,conservative,32552.48,buy,SZSE,948267,2026-01-05 12:05:00,68,6800,65.8104,447510.72,0.160035,0.141222,0.141222,96856.29,0.025004,0.36261994,0.02637742,0.38899736,0.07020711,1,0,0,medium,0,12
S000395,U0184,604546.0,11131.25,conservative,9693.74,buy,SZSE,118947,2026-01-05 11:15:00,3,300,25.6495,7694.85,0.226565,-0.114849,0.114849,9052.95,0.075127,0.01272831,0.01603475,0.02876306,0.03313836,0,0,0,low,0,11
S000396,U0082,683902.0,233153.58,moderate,45931.95,buy,SZSE,415509,2026-01-05 10:57:00,28,2800,71.4548,200073.44,0.270555,-0.004574,0.004574,43127.02,0.005432,0.29254694,0.06716159,0.35970854,0.06492449,1,0,0,medium,1,10
S000397,U0175,1230730.0,895477.57,aggressive,104610.14,buy,SZSE,231119,2026-01-05 09:44:00,88,8800,78.645,692076.0,0.483634,-0.198162,0.198162,33298.12,0.046012,0.56232967,0.08499844,0.64732812,0.26427922,1,1,1,high,2,9
S000398,U0122,1176712.0,511264.86,moderate,6233.49,buy,SZSE,125325,2026-01-05 10:07:00,145,14500,26.0113,377163.85,0.188477,-0.049257,0.049257,103605.29,0.049359,0.3205235,0.00529738,0.32582088,0.13995424,1,0,1,medium_high,1,10
S000399,U0126,1697169.0,855353.06,moderate,150372.13,buy,SZSE,802861,2026-01-05 09:59:00,336,33600,19.2476,646719.36,0.526906,-0.058552,0.058552,551548.63,0.08858,0.38105773,0.08860174,0.46965947,0.06091938,1,1,0,medium_high,1,9
S000400,U0095,1480369.0,218807.18,aggressive,213964.9,buy,SZSE,971755,2026-01-05 11:27:00,27,2700,72.4746,195681.42,0.108886,-0.093433,0.093433,44426.03,0.033446,0.13218422,0.14453484,0.27671906,0.06077518,0,0,0,low,2,11
S000401,U0125,1682793.0,99559.52,moderate,120594.39,buy,SZSE,078192,2026-01-05 12:24:00,36,3600,26.1629,94186.44,0.182182,-0.113715,0.113715,41239.92,0.02064,0.05597031,0.07166324,0.12763354,0.08729405,0,0,0,low,1,12
S000402,U0013,1459486.0,477242.6,moderate,135476.5,buy,SZSE,109423,2026-01-05 10:25:00,57,5700,55.8184,318164.88,0.18177,0.008161,0.008161,155971.31,0.108745,0.2179979,0.0928248,0.3108227,0.03654518,1,0,0,medium,1,10
S000403,U0057,287650.0,90047.71,aggressive,9759.59,buy,SZSE,039932,2026-01-05 11:15:00,26,2600,28.1058,73075.08,0.502866,0.207638,0.207638,34224.67,0.102736,0.25404165,0.03392871,0.28797036,0.07596859,0,1,0,medium,2,11
S000404,U0032,1009989.0,130779.96,conservative,107223.18,buy,SZSE,465273,2026-01-05 10:01:00,15,1500,59.5662,89349.3,0.224668,0.058362,0.058362,24300.73,0.035517,0.08846562,0.10616272,0.19462833,0.06172654,0,0,0,low,0,10
S000405,U0057,723580.0,69639.71,conservative,6976.21,buy,SZSE,892292,2026-01-05 10:29:00,99,9900,6.7286,66613.14,0.101593,-0.125143,0.125143,67461.95,0.040235,0.0920605,0.00964125,0.10170175,0.14674939,0,0,1,medium,0,10
S000406,U0025,1148201.0,150795.76,conservative,60195.64,buy,SZSE,877081,2026-01-05 10:19:00,16,1600,78.9518,126322.88,0.480293,0.121583,0.121583,19631.43,0.108891,0.11001809,0.05242605,0.16244414,0.08150196,0,1,0,medium,0,10
S000407,U0100,1808937.0,225032.34,aggressive,208657.2,buy,SZSE,220850,2026-01-05 10:56:00,51,5100,36.037,183788.7,0.189352,-0.095099,0.095099,37198.41,0.056041,0.10160039,0.11534797,0.21694835,0.13710262,0,0,1,medium,2,10
S000408,U0056,280165.0,85458.46,aggressive,20762.17,buy,SZSE,184705,2026-01-05 10:45:00,15,1500,40.6987,61048.05,0.261188,0.108013,0.108013,48164.84,0.026613,0.21790034,0.07410692,0.29200727,0.03114305,0,0,0,low,2,10
S000409,U0158,1508230.0,454317.99,moderate,175475.71,buy,SZSE,119509,2026-01-05 11:33:00,56,5600,66.9461,374898.16,0.297816,-0.207173,0.207173,176453.46,0.041511,0.2485683,0.11634546,0.36491375,0.03173641,1,1,0,medium_high,1,11
S000410,U0160,1517296.0,237031.51,conservative,23525.09,buy,SSE,692002,2026-01-05 11:20:00,29,2900,59.997,173991.3,0.268733,-0.214318,0.214318,25956.04,0.022123,0.11467196,0.01550461,0.13017657,0.11172735,0,1,1,medium_high,0,11
S000411,U0147,1700759.0,624182.85,moderate,260023.34,buy,SZSE,800357,2026-01-05 10:04:00,74,7400,77.0095,569870.3,0.298987,-0.082684,0.082684,603967.26,0.021802,0.33506823,0.15288664,0.48795487,0.01225232,1,0,0,medium,1,10
S000412,U0175,273881.0,23119.68,moderate,34763.58,buy,SZSE,214412,2026-01-05 10:08:00,8,800,25.1897,20151.76,0.115781,-0.020525,0.020525,2764.13,0.091884,0.07357852,0.1269295,0.20050802,0.28942235,0,0,1,medium,1,10
S000413,U0075,1423637.0,197388.3,moderate,140110.59,buy,SZSE,571323,2026-01-05 11:49:00,38,3800,44.9182,170689.16,0.34265,0.058496,0.058496,58492.26,0.101571,0.11989655,0.09841736,0.21831391,0.06496586,0,0,0,low,1,11
S000414,U0126,1753064.0,154622.12,aggressive,294865.69,buy,SZSE,363126,2026-01-05 09:54:00,38,3800,27.2609,103591.42,0.322743,-0.027146,0.027146,62484.11,0.109521,0.05909164,0.16820019,0.22729182,0.06081546,0,0,0,low,2,9
S000415,U0070,1671078.0,164119.48,moderate,11061.9,buy,SZSE,291312,2026-01-05 10:50:00,27,2700,55.4912,149826.24,0.61981,-0.009556,0.009556,28696.54,0.081763,0.08965844,0.00661962,0.09627806,0.09408799,0,1,0,medium,1,10
S000416,U0163,1760272.0,334325.13,conservative,28855.6,buy,SSE,660863,2026-01-05 09:36:00,54,5400,53.3522,288101.88,0.141687,-0.122646,0.122646,72876.76,0.097194,0.16366896,0.0163927,0.18006165,0.0740977,0,0,0,low,0,9
S000417,U0101,317252.0,81154.21,moderate,15174.29,buy,SZSE,331050,2026-01-05 09:50:00,12,1200,66.0332,79239.84,0.157544,-0.085152,0.085152,154659.42,0.05327,0.24976939,0.0478304,0.2975998,0.00775898,0,0,0,low,1,9
S000418,U0051,400281.0,63570.98,moderate,60374.74,buy,SZSE,268567,2026-01-05 11:10:00,16,1600,35.5917,56946.72,0.310958,-0.073576,0.073576,5805.75,0.021865,0.14226686,0.1508309,0.29309775,0.27558869,0,0,1,medium,1,11
S000419,U0080,684990.0,126062.36,moderate,72460.21,buy,SZSE,148106,2026-01-05 11:01:00,80,8000,12.1176,96940.8,0.154606,0.12335,0.12335,115800.81,0.009001,0.14152148,0.10578287,0.24730435,0.06908415,0,0,0,low,1,11
S000420,U0071,464386.0,142820.57,aggressive,20313.81,buy,SZSE,741796,2026-01-05 12:16:00,136,13600,7.5527,102716.72,0.521242,0.004484,0.004484,52743.83,0.004695,0.22118824,0.04374338,0.26493161,0.25785006,0,1,1,medium_high,2,12
S000421,U0046,1208719.0,573325.99,moderate,125133.01,buy,SZSE,048844,2026-01-05 10:33:00,58,5800,78.3312,454320.96,0.107799,-0.087872,0.087872,129935.72,0.017381,0.37586979,0.10352531,0.4793951,0.04463746,1,0,0,medium,1,10
S000422,U0145,1362885.0,96685.86,conservative,14499.95,buy,SZSE,861021,2026-01-05 12:07:00,87,8700,9.1789,79856.43,0.161993,-0.02685,0.02685,135905.23,0.081219,0.05859367,0.01063916,0.06923283,0.0640152,0,0,0,low,0,12
S000423,U0056,1815259.0,214932.38,moderate,177976.19,buy,SZSE,187199,2026-01-05 10:13:00,92,9200,19.8742,182842.64,0.353173,0.189085,0.189085,85337.77,0.114094,0.10072537,0.09804451,0.19876989,0.10780689,0,1,1,medium_high,1,10
S000424,U0038,423754.0,96271.73,moderate,31207.69,buy,SSE,673037,2026-01-05 10:43:00,12,1200,78.9927,94791.24,0.625577,-0.126801,0.126801,24209.02,0.011833,0.22369403,0.07364577,0.2973398,0.0495683,0,1,0,medium,1,10
S000425,U0039,733505.0,184537.0,moderate,55706.44,buy,SZSE,013841,2026-01-05 10:07:00,42,4200,31.5907,132680.94,0.193783,0.262657,0.262657,772701.22,0.117897,0.18088621,0.07594556,0.25683177,0.00543548,0,1,0,medium,1,10
S000426,U0027,1208863.0,101405.81,conservative,20830.94,buy,SZSE,702907,2026-01-05 10:39:00,11,1100,73.9755,81373.05,0.148728,-0.140439,0.140439,6252.15,0.1072,0.06731371,0.01723185,0.08454555,0.17593955,0,0,1,medium,0,10
S000427,U0074,1779777.0,24226.97,conservative,155689.24,buy,SZSE,463944,2026-01-05 11:45:00,35,3500,6.364,22274.0,0.259719,-0.104969,0.104969,42700.6,0.055254,0.01251505,0.08747683,0.09999188,0.08196607,0,0,0,low,0,11
S000428,U0165,293756.0,85340.85,moderate,12307.03,buy,SZSE,424575,2026-01-05 10:11:00,109,10900,5.301,57780.9,0.411254,0.061926,0.061926,51530.46,0.076768,0.19669692,0.04189543,0.23859235,0.21152538,0,1,1,medium_high,1,10
S000429,U0148,1669896.0,603898.22,aggressive,182723.62,buy,SZSE,986029,2026-01-05 12:11:00,453,45300,13.0065,589194.45,0.164228,0.112353,0.112353,844673.05,0.048161,0.35283302,0.10942215,0.46225518,0.05363022,1,0,0,medium,2,12
S000430,U0082,1456719.0,60411.67,conservative,120649.97,buy,SZSE,520564,2026-01-05 12:02:00,6,600,78.1352,46881.12,0.11607,0.023194,0.023194,15274.94,0.067725,0.03218268,0.08282309,0.11500577,0.03928001,0,0,0,low,0,12
S000431,U0021,1950564.0,204087.06,moderate,123596.78,buy,SZSE,501321,2026-01-05 10:44:00,61,6100,24.515,149541.5,0.145604,0.080331,0.080331,27815.93,0.057277,0.07666577,0.06336464,0.14003041,0.21929879,0,0,1,medium,1,10
S000432,U0076,1817171.0,260356.88,aggressive,275829.09,buy,SZSE,588529,2026-01-05 12:22:00,124,12400,20.9871,260240.04,0.2065,-0.10061,0.10061,251512.91,0.013077,0.14321164,0.15179038,0.29500203,0.04930164,0,0,0,low,2,12
S000433,U0140,287164.0,28417.54,conservative,26505.2,buy,SZSE,032160,2026-01-05 11:23:00,6,600,34.2401,20544.06,0.338018,0.023065,0.023065,12784.78,0.017437,0.07154121,0.09229989,0.1638411,0.04693081,0,0,0,low,0,11
S000434,U0155,1608208.0,558999.68,moderate,51327.92,buy,SZSE,425712,2026-01-05 12:04:00,96,9600,41.6685,400017.6,0.324636,0.085962,0.085962,40701.44,0.053972,0.24873499,0.03191622,0.28065121,0.23586387,0,0,1,medium,1,12
S000435,U0125,998487.0,705443.49,moderate,695.37,buy,SZSE,359330,2026-01-05 10:32:00,120,12000,44.2873,531447.6,0.352598,0.160991,0.160991,40307.31,0.068141,0.5322529,0.00069643,0.53294932,0.29771275,1,1,1,high,1,10
S000436,U0060,1337372.0,86261.98,conservative,84275.77,buy,SZSE,096041,2026-01-05 10:45:00,9,900,77.7429,69968.61,0.377904,0.122532,0.122532,3750.71,0.115277,0.05231799,0.06301595,0.11533394,0.23995485,0,1,1,medium_high,0,10
S000437,U0177,1242502.0,53550.04,moderate,167684.3,buy,SZSE,422076,2026-01-05 10:28:00,8,800,58.5309,46824.72,0.313488,-0.144731,0.144731,23546.43,0.032008,0.03768583,0.13495696,0.1726428,0.03397543,0,0,0,low,1,10
S000438,U0110,1342176.0,817537.89,moderate,57329.96,buy,SZSE,911531,2026-01-05 10:08:00,350,35000,17.8957,626349.5,0.422038,0.122848,0.122848,238828.48,0.110141,0.46666719,0.04271419,0.50938137,0.14654869,1,1,1,high,1,10
S000439,U0138,1701409.0,573793.58,moderate,176926.17,buy,SZSE,119086,2026-01-05 10:29:00,190,19000,26.7107,507503.3,0.134647,0.013006,0.013006,234308.12,0.091576,0.29828413,0.10398803,0.40227216,0.08108981,1,0,0,medium,1,10
S000440,U0162,1028857.0,410800.22,conservative,26156.63,buy,SZSE,513301,2026-01-05 10:42:00,58,5800,52.909,306872.2,0.156456,-0.153526,0.153526,327798.47,0.11984,0.29826516,0.025423,0.32368816,0.0176938,1,1,0,medium_high,0,10
S000441,U0134,1888552.0,497181.2,moderate,150197.01,buy,SZSE,344717,2026-01-05 11:06:00,55,5500,69.458,382019.0,0.291607,0.12664,0.12664,64289.82,0.057321,0.20228143,0.07953025,0.28181168,0.08555009,0,0,0,low,1,11
S000442,U0063,408555.0,31897.46,moderate,48660.86,buy,SZSE,441992,2026-01-05 11:43:00,26,2600,10.7917,28058.42,0.5686,0.112068,0.112068,275474.32,0.077788,0.06867722,0.1191048,0.18778201,0.00943827,0,1,0,medium,1,11
S000443,U0100,1846074.0,191672.08,moderate,238148.48,buy,SZSE,788960,2026-01-05 11:57:00,153,15300,8.4831,129791.43,0.285133,-0.111222,0.111222,251716.94,0.048402,0.07030673,0.12900267,0.1993094,0.06078256,0,0,0,low,1,11
S000444,U0198,1542857.0,160301.3,conservative,136430.18,buy,SSE,640915,2026-01-05 10:46:00,85,8500,12.8491,109217.35,0.11794,-0.059018,0.059018,131906.43,0.048013,0.07078903,0.08842697,0.159216,0.06443962,0,0,0,low,0,10
S000445,U0042,653820.0,29390.55,moderate,24501.0,buy,SZSE,573108,2026-01-05 11:15:00,6,600,46.1424,27685.44,0.329195,-0.175085,0.175085,3838.84,0.042324,0.04234413,0.03747361,0.07981774,0.15629736,0,1,1,medium_high,1,11
S000446,U0103,1932646.0,621226.76,moderate,227059.64,buy,SZSE,453587,2026-01-05 09:38:00,244,24400,21.5197,525080.68,0.108691,0.031873,0.031873,351632.41,0.096889,0.27169005,0.11748641,0.38917646,0.06939065,1,0,0,medium,1,9
S000447,U0147,1474279.0,525765.76,moderate,42509.04,buy,SZSE,897226,2026-01-05 10:28:00,64,6400,79.2365,507113.6,0.202414,-0.044673,0.044673,47523.99,0.044406,0.34397397,0.02883378,0.37280775,0.13466881,1,0,1,medium_high,1,10
S000448,U0156,1160776.0,439989.12,moderate,72744.58,buy,SZSE,131343,2026-01-05 10:47:00,74,7400,40.6677,300940.98,0.289302,-0.115869,0.115869,29674.84,0.098485,0.25925844,0.06266892,0.32192737,0.24936947,1,0,1,medium_high,1,10
S000449,U0054,1639201.0,626364.92,aggressive,206612.71,buy,SZSE,481223,2026-01-05 12:25:00,143,14300,34.434,492406.2,0.136091,-0.13179,0.13179,154959.92,0.081704,0.30039403,0.12604477,0.4264388,0.09228193,1,0,0,medium,2,12
S000450,U0111,553193.0,8903.38,moderate,58402.15,buy,SZSE,047766,2026-01-05 12:11:00,2,200,43.2376,8647.52,0.152194,-0.133859,0.133859,2489.92,0.072031,0.01563201,0.10557283,0.12120484,0.08032396,0,0,0,low,1,12
S000451,U0046,976635.0,99640.03,conservative,21714.48,buy,SZSE,586648,2026-01-05 10:53:00,17,1700,54.1203,92004.51,0.177642,0.132871,0.132871,83594.61,0.020883,0.09420562,0.02223398,0.1164396,0.02033624,0,0,0,low,0,10
S000452,U0170,1479931.0,184230.14,conservative,113366.61,buy,SZSE,336620,2026-01-05 10:22:00,121,12100,14.1418,171115.78,0.136145,0.198728,0.198728,195841.58,0.023593,0.11562416,0.07660263,0.19222679,0.06178463,0,1,0,medium,0,10
S000453,U0147,1987339.0,321131.96,moderate,266439.23,buy,SZSE,479502,2026-01-05 10:57:00,55,5500,47.2945,260119.75,0.408357,0.082244,0.082244,75543.65,0.089654,0.13088846,0.13406833,0.2649568,0.07280559,0,1,0,medium,1,10
S000454,U0054,1686020.0,187879.23,moderate,57980.26,buy,SZSE,958725,2026-01-05 10:13:00,52,5200,30.4677,158432.04,0.121326,-0.123542,0.123542,81674.95,0.007167,0.09396807,0.03438883,0.1283569,0.06366701,0,0,0,low,1,10
S000455,U0028,557538.0,20026.95,moderate,70877.03,buy,SZSE,049237,2026-01-05 11:32:00,15,1500,10.546,15819.0,0.309526,-0.12159,0.12159,24642.8,0.116935,0.02837295,0.12712502,0.15549797,0.06086971,0,0,0,low,1,11
S000456,U0068,1123701.0,34345.01,moderate,87111.42,buy,SZSE,486020,2026-01-05 10:53:00,7,700,39.4892,27642.44,0.213861,-0.156011,0.156011,11513.33,0.056638,0.02459946,0.07752188,0.10212134,0.06079909,0,1,0,medium,1,10
S000457,U0035,1165185.0,562728.05,moderate,83881.29,buy,SZSE,179643,2026-01-05 10:19:00,65,6500,78.8026,512216.9,0.150058,0.217208,0.217208,120477.91,0.084326,0.43960135,0.07198967,0.51159102,0.0539518,1,1,0,medium_high,1,10
S000458,U0036,1351720.0,416592.79,moderate,177318.95,buy,SZSE,451896,2026-01-05 11:16:00,57,5700,72.4511,412971.27,0.532786,-0.06954,0.06954,77062.87,0.022363,0.3055154,0.13118023,0.43669563,0.07396558,1,1,0,medium_high,1,11
S000459,U0093,1292407.0,230722.64,moderate,143517.24,buy,SZSE,712739,2026-01-05 11:55:00,113,11300,15.5478,175690.14,0.117835,-0.076864,0.076864,98793.31,0.034394,0.13594026,0.11104648,0.24698673,0.11438022,0,0,1,medium,1,11
S000460,U0152,1626281.0,793386.55,moderate,13199.0,buy,SZSE,749898,2026-01-05 09:52:00,125,12500,55.9663,699578.75,0.314888,0.252508,0.252508,42815.75,0.10859,0.43017089,0.00811606,0.43828695,0.29194865,1,1,1,high,1,9
S000461,U0114,1808468.0,94584.61,conservative,96270.61,buy,SZSE,951338,2026-01-05 09:47:00,15,1500,50.7052,76057.8,0.201566,-0.045549,0.045549,8510.25,0.01149,0.04205648,0.05323324,0.09528972,0.1762581,0,0,1,medium,0,9
S000462,U0075,1179729.0,113166.71,conservative,13217.82,buy,SZSE,772907,2026-01-05 09:47:00,22,2200,45.6473,100424.06,0.31197,0.057501,0.057501,34286.97,0.097199,0.08512469,0.01120412,0.09632881,0.06416432,0,0,0,low,0,9
S000463,U0107,497481.0,18155.01,aggressive,29303.75,buy,SZSE,547449,2026-01-05 10:39:00,2,200,68.1736,13634.72,0.332539,-0.01954,0.01954,4869.45,0.027289,0.02740752,0.05890427,0.08631179,0.04107236,0,0,0,low,2,10
S000464,U0094,700466.0,94996.86,moderate,112731.78,buy,SZSE,204843,2026-01-05 10:23:00,10,1000,65.0975,65097.5,0.121357,-0.114356,0.114356,35758.46,0.101367,0.09293456,0.16093826,0.25387282,0.02796541,0,0,0,low,1,10
S000465,U0090,1254532.0,411168.05,moderate,24708.91,buy,SSE,659222,2026-01-05 11:18:00,39,3900,70.4782,274864.98,0.194284,-0.229733,0.229733,63185.55,0.073641,0.21909762,0.01969572,0.23879334,0.06172297,0,1,0,medium,1,11
S000466,U0146,240842.0,115356.71,moderate,7409.64,buy,SZSE,081503,2026-01-05 11:11:00,24,2400,34.5371,82889.04,0.2782,-0.123188,0.123188,29046.88,0.078213,0.34416356,0.03076557,0.37492913,0.08262505,1,0,0,medium,1,11
S000467,U0032,416990.0,17016.42,moderate,39773.63,buy,SZSE,116402,2026-01-05 10:17:00,2,200,66.2432,13248.64,0.203752,0.076127,0.076127,1341.92,0.114963,0.03177208,0.09538269,0.12715477,0.14903995,0,0,1,medium,1,10
S000468,U0137,1342869.0,439569.75,conservative,104485.79,buy,SZSE,748796,2026-01-05 11:27:00,121,12100,26.8567,324966.07,0.51648,-0.031144,0.031144,1107302.35,0.007787,0.24199387,0.07780788,0.31980175,0.01092746,1,1,0,medium_high,0,11
S000469,U0179,1098901.0,177620.16,aggressive,125015.08,buy,SZSE,473222,2026-01-05 11:57:00,37,3700,37.422,138461.4,0.475816,-0.071639,0.071639,46647.31,0.07769,0.12599989,0.11376374,0.23976362,0.07931861,0,1,0,medium,2,11
S000470,U0060,931727.0,180210.69,conservative,98498.45,buy,SZSE,500643,2026-01-05 11:48:00,26,2600,46.2527,120257.02,0.311133,-0.194478,0.194478,45993.5,0.046173,0.12906894,0.105716,0.23478494,0.05652972,1,1,0,medium_high,0,11
S000471,U0085,1662073.0,833317.12,moderate,236717.9,buy,SZSE,530419,2026-01-05 10:11:00,190,19000,33.3954,634512.6,0.293658,0.012604,0.012604,69812.74,0.002381,0.38175977,0.14242328,0.52418305,0.27215662,1,0,1,medium_high,1,10
S000472,U0126,515781.0,290151.02,moderate,79851.75,buy,SZSE,470406,2026-01-05 10:26:00,31,3100,64.2591,199203.21,0.563362,0.052847,0.052847,551363.21,0.012194,0.38621665,0.15481716,0.54103381,0.00562243,1,1,0,medium_high,1,10
S000473,U0055,1668168.0,503142.53,moderate,71575.85,buy,SZSE,709166,2026-01-05 12:06:00,617,61700,5.969,368287.3,0.58269,-0.15627,0.15627,1387524.34,0.036468,0.22077351,0.04290686,0.26368037,0.04446769,0,1,0,medium,1,12
S000474,U0143,961030.0,171879.29,moderate,132557.85,buy,SZSE,752151,2026-01-05 11:46:00,128,12800,10.1701,130177.28,0.462807,0.003336,0.003336,60158.66,0.092285,0.135456,0.1379331,0.2733891,0.21277068,0,1,1,medium_high,1,11
S000475,U0035,467229.0,55518.7,aggressive,73037.93,buy,SSE,664120,2026-01-05 10:24:00,6,600,70.8079,42484.74,0.250723,-0.13231,0.13231,6856.31,0.010236,0.09092916,0.15632148,0.24725064,0.08751065,0,0,0,low,2,10
S000476,U0065,1013980.0,43699.61,moderate,82982.8,buy,SZSE,533990,2026-01-05 12:18:00,13,1300,33.4762,43519.06,0.101193,0.051288,0.051288,5612.9,0.076346,0.04291905,0.0818387,0.12475775,0.23160951,0,0,1,medium,1,12
S000477,U0189,685112.0,171452.62,moderate,102106.24,buy,SZSE,056845,2026-01-05 12:26:00,43,4300,31.7595,136565.85,0.192486,-0.098709,0.098709,46132.63,0.069761,0.19933361,0.14903584,0.34836945,0.09320951,1,0,0,medium,1,12
S000478,U0170,296189.0,53457.62,moderate,6381.77,buy,SZSE,103018,2026-01-05 12:01:00,6,600,71.6205,42972.3,0.107147,0.117091,0.117091,5311.21,0.055733,0.14508405,0.02154629,0.16663034,0.1129687,0,0,1,medium,1,12
S000479,U0020,1905022.0,277530.26,moderate,280574.03,buy,SZSE,371340,2026-01-05 09:56:00,50,5000,42.3371,211685.5,0.36413,0.160861,0.160861,237895.78,0.027418,0.11111971,0.14728125,0.25840097,0.02101761,0,1,0,medium,1,9
S000480,U0182,956349.0,639847.6,aggressive,104420.09,buy,SZSE,383098,2026-01-05 09:45:00,96,9600,51.5604,494979.84,0.176024,-0.133322,0.133322,497176.89,0.108127,0.51757239,0.10918617,0.62675856,0.01930902,1,0,0,medium,2,9
S000481,U0177,1952336.0,192232.5,conservative,89886.18,buy,SZSE,524104,2026-01-05 11:10:00,23,2300,70.7014,162613.22,0.119857,-0.091379,0.091379,27578.54,0.094678,0.08329162,0.04604032,0.12933194,0.08339818,0,0,0,low,0,11
S000482,U0140,1274183.0,105993.05,moderate,177908.42,buy,SZSE,490310,2026-01-05 12:15:00,35,3500,30.1557,105544.95,0.166499,0.024456,0.024456,184082.15,0.085834,0.08283343,0.13962549,0.22245892,0.01901325,0,0,0,low,1,12
S000483,U0043,431381.0,79492.23,conservative,12771.57,buy,SZSE,447933,2026-01-05 10:41:00,13,1300,54.8774,71340.62,0.195049,0.102157,0.102157,47195.5,0.076033,0.16537729,0.02960625,0.19498354,0.027545,0,0,0,low,0,10
S000484,U0131,1514581.0,479445.52,moderate,71284.92,buy,SZSE,194495,2026-01-05 09:31:00,188,18800,18.478,347386.4,0.305751,-0.121553,0.121553,304237.3,0.110766,0.22936139,0.04706577,0.27642716,0.06179387,0,0,0,low,1,9
S000485,U0159,648239.0,461504.38,aggressive,8467.52,buy,SZSE,785286,2026-01-05 10:07:00,80,8000,48.0663,384530.4,0.188177,-0.046436,0.046436,1348015.78,0.075141,0.59319233,0.01306234,0.60625467,0.00593465,1,0,0,medium,2,10
S000486,U0113,1484363.0,85761.74,moderate,89189.77,buy,SZSE,981852,2026-01-05 09:53:00,15,1500,43.6989,65548.35,0.433798,-0.121083,0.121083,20057.72,0.051505,0.04415925,0.06008623,0.10424547,0.07478419,0,1,0,medium,1,9
S000487,U0086,1765568.0,36447.15,conservative,127889.05,buy,SZSE,062347,2026-01-05 10:58:00,6,600,57.0146,34208.76,0.127947,-0.011505,0.011505,24638.84,0.098099,0.0193755,0.07243507,0.09181057,0.0243518,0,0,0,low,0,10
S000488,U0034,296864.0,150148.79,moderate,17159.37,buy,SZSE,513943,2026-01-05 11:14:00,54,5400,19.4461,105008.94,0.278305,0.119388,0.119388,23433.42,0.014884,0.35372743,0.05780212,0.41152955,0.23044014,1,0,1,medium_high,1,11
S000489,U0129,1189375.0,301523.14,aggressive,105028.64,buy,SZSE,463342,2026-01-05 11:03:00,76,7600,32.4698,246770.48,0.335579,-0.051366,0.051366,205720.52,0.063796,0.20747912,0.08830574,0.29578486,0.03694332,0,0,0,low,2,11
S000490,U0196,1844430.0,183122.0,moderate,201312.76,buy,SZSE,342201,2026-01-05 10:17:00,67,6700,20.956,140405.2,0.487513,-0.06113,0.06113,24599.05,0.075516,0.0761239,0.10914633,0.18527022,0.27236822,0,1,1,medium_high,1,10
S000491,U0020,340302.0,23826.03,moderate,52237.1,buy,SSE,652566,2026-01-05 10:56:00,48,4800,4.5434,21808.32,0.104144,0.081885,0.081885,41533.62,0.092776,0.06408519,0.15350217,0.21758737,0.11556904,0,0,1,medium,1,10
S000492,U0182,357935.0,22765.34,moderate,44743.86,buy,SZSE,976675,2026-01-05 12:17:00,4,400,55.0962,22038.48,0.326519,-0.11734,0.11734,1489.12,0.028338,0.06157118,0.12500554,0.18657672,0.26861521,0,0,1,medium,1,12
S000493,U0013,1341067.0,608060.49,aggressive,7172.2,buy,SZSE,857520,2026-01-05 10:05:00,117,11700,50.7101,593308.17,0.130357,0.112218,0.112218,140863.15,0.114342,0.44241501,0.00534813,0.44776314,0.08305934,1,0,0,medium,2,10
S000494,U0063,1655405.0,119242.16,moderate,143156.62,buy,SZSE,988128,2026-01-05 12:18:00,36,3600,29.7568,107124.48,0.599765,-0.000873,0.000873,145367.99,0.064364,0.06471195,0.0864783,0.15119025,0.02476474,0,1,0,medium,1,12
S000495,U0096,1035433.0,479214.82,moderate,1720.34,buy,SZSE,178232,2026-01-05 10:27:00,95,9500,47.7168,453309.6,0.233618,-0.005583,0.005583,68138.75,0.115129,0.43779713,0.00166147,0.4394586,0.13942141,1,0,1,medium_high,1,10
S000496,U0165,430035.0,92919.82,aggressive,61538.62,buy,SZSE,140549,2026-01-05 10:57:00,14,1400,62.7519,87852.66,0.175327,0.116303,0.116303,80337.49,0.028744,0.20429188,0.14310143,0.34739331,0.01742648,0,0,0,low,2,10
S000497,U0091,437605.0,95797.94,moderate,40426.4,buy,SZSE,946631,2026-01-05 12:14:00,53,5300,12.7432,67538.96,0.147479,0.220354,0.220354,147124.47,0.011909,0.15433772,0.09238103,0.24671875,0.03602392,0,1,0,medium,1,12
S000498,U0019,1820912.0,291440.38,moderate,26471.75,buy,SZSE,739315,2026-01-05 11:43:00,40,4000,72.5824,290329.6,0.187644,-0.08947,0.08947,21652.34,0.112961,0.15944186,0.01453763,0.1739795,0.18473755,0,0,1,medium,1,11
S000499,U0161,1014683.0,49134.49,moderate,165612.31,buy,SZSE,584708,2026-01-05 11:00:00,19,1900,19.2217,36521.23,0.266559,0.099221,0.099221,55625.57,0.040456,0.03599275,0.16321581,0.19920856,0.03415696,0,0,0,low,1,11
S000500,U0141,1480308.0,526157.88,conservative,56361.48,buy,SZSE,189539,2026-01-05 11:22:00,246,24600,17.8488,439080.48,0.132239,-0.092191,0.092191,545848.46,0.026485,0.29661427,0.03807416,0.33468843,0.04506745,1,0,0,medium,0,11
S000501,U0074,757464.0,26311.22,conservative,74762.17,buy,SZSE,898513,2026-01-05 10:26:00,4,400,52.8657,21146.28,0.276625,-0.088681,0.088681,18990.24,0.037555,0.02791721,0.09870062,0.12661783,0.02106345,0,0,0,low,0,10
S000502,U0110,1215191.0,24944.72,conservative,111931.63,buy,SZSE,574039,2026-01-05 11:10:00,12,1200,15.4212,18505.44,0.170388,-0.071859,0.071859,13168.57,0.017609,0.01522842,0.09211032,0.10733874,0.0911261,0,0,0,low,0,11
S000503,U0035,1258482.0,544254.1,aggressive,54237.29,buy,SZSE,497744,2026-01-05 11:28:00,184,18400,22.349,411221.6,0.444347,0.174233,0.174233,216320.38,0.047552,0.32676002,0.04309739,0.3698574,0.08505902,0,1,0,medium,2,11
S000504,U0111,1671096.0,968680.53,moderate,99145.94,buy,SZSE,486059,2026-01-05 09:55:00,107,10700,74.823,800606.1,0.186559,0.03327,0.03327,418162.99,0.010138,0.47909043,0.05932989,0.53842032,0.02558811,1,0,0,medium,1,9
S000505,U0165,514174.0,221025.56,conservative,43213.28,buy,SZSE,836058,2026-01-05 10:12:00,22,2200,68.4724,150639.28,0.384833,-0.079967,0.079967,25875.96,0.063944,0.29297335,0.08404408,0.37701743,0.08502101,1,1,0,medium_high,0,10
S000506,U0161,389329.0,8927.32,moderate,51259.94,buy,SZSE,452963,2026-01-05 10:48:00,1,100,66.2033,6620.33,0.148582,0.093598,0.093598,3603.75,0.103431,0.01700446,0.13166227,0.14866673,0.02774885,0,0,0,low,1,10
S000507,U0067,1897793.0,1475131.3,aggressive,31013.61,buy,SSE,623387,2026-01-05 11:41:00,159,15900,62.2726,990134.34,0.459497,-0.203771,0.203771,467281.06,0.01719,0.52172937,0.01634193,0.5380713,0.03402663,1,1,0,medium_high,2,11
S000508,U0147,1926221.0,615733.02,aggressive,160999.36,buy,SZSE,227970,2026-01-05 10:14:00,144,14400,30.2923,436209.12,0.249306,-0.177207,0.177207,163459.27,0.084102,0.2264585,0.08358301,0.31004152,0.08809534,0,1,0,medium,2,10
S000509,U0131,1226064.0,286174.34,moderate,129078.26,buy,SZSE,310727,2026-01-05 12:02:00,33,3300,59.2428,195501.24,0.260237,-0.262104,0.262104,180057.98,0.10456,0.15945435,0.10527857,0.26473292,0.01832743,0,1,0,medium,1,12
S000510,U0055,1741818.0,135250.35,aggressive,291971.15,buy,SZSE,594983,2026-01-05 10:30:00,16,1600,58.5419,93667.04,0.247492,-0.035311,0.035311,12762.78,0.006536,0.05377545,0.16762437,0.22139982,0.12536458,0,0,1,medium,2,10
S000511,U0118,1013565.0,167242.26,moderate,146318.97,buy,SZSE,296778,2026-01-05 09:39:00,46,4600,24.5077,112735.42,0.284228,0.028044,0.028044,235535.44,0.099106,0.11122663,0.14436071,0.25558734,0.01952997,0,0,0,low,1,9
S000512,U0057,1220640.0,183606.74,moderate,127773.41,buy,SZSE,939127,2026-01-05 10:11:00,113,11300,13.8751,156788.63,0.159968,0.052402,0.052402,285685.88,0.007899,0.12844789,0.10467739,0.23312528,0.03955393,0,0,0,low,1,10
S000513,U0016,1846700.0,203956.4,conservative,22953.92,buy,SZSE,114494,2026-01-05 10:10:00,29,2900,57.4448,166589.92,0.134114,7.4e-05,7.4e-05,60791.73,0.009269,0.09020952,0.01242969,0.10263921,0.04770386,0,0,0,low,0,10
S000514,U0124,1261486.0,619236.53,aggressive,203301.26,buy,SZSE,562195,2026-01-05 09:55:00,353,35300,14.166,500059.8,0.443277,0.104981,0.104981,721947.65,0.022939,0.39640535,0.16116014,0.55756549,0.04889551,1,1,0,medium_high,2,9
S000515,U0018,1356053.0,681984.6,aggressive,70489.74,buy,SZSE,439982,2026-01-05 10:40:00,85,8500,70.3196,597716.6,0.200276,-0.085642,0.085642,101245.06,0.035554,0.44077672,0.05198155,0.49275828,0.08395472,1,0,0,medium,2,10
S000516,U0160,386026.0,75124.62,aggressive,24711.45,buy,SZSE,376044,2026-01-05 11:08:00,14,1400,53.4567,74839.38,0.58759,0.093247,0.093247,23602.62,0.066392,0.19387135,0.064015,0.25788634,0.05931545,0,1,0,medium,2,11
S000517,U0149,245879.0,34888.38,conservative,17521.06,buy,SZSE,415924,2026-01-05 12:19:00,6,600,40.0584,24035.04,0.244898,0.10285,0.10285,12606.31,0.078407,0.0977515,0.07125889,0.16901038,0.04759521,0,0,0,low,0,12
S000518,U0058,786117.0,132959.02,moderate,109140.85,buy,SZSE,248053,2026-01-05 11:07:00,45,4500,25.1558,113201.1,0.13117,0.059075,0.059075,242512.9,0.112374,0.14400032,0.13883538,0.2828357,0.01855571,0,0,0,low,1,11
S000519,U0146,297265.0,79078.66,moderate,34127.15,buy,SZSE,922967,2026-01-05 10:51:00,25,2500,29.0315,72578.75,0.618633,-0.136882,0.136882,44414.18,0.04697,0.24415505,0.11480378,0.35895883,0.05628833,1,1,0,medium_high,1,10
S000520,U0169,979548.0,146563.87,aggressive,97945.4,buy,SZSE,592854,2026-01-05 10:19:00,28,2800,40.2704,112757.12,0.481061,0.041234,0.041234,13907.54,0.048484,0.11511138,0.0999904,0.21510178,0.20132969,0,1,1,medium_high,2,10
S000521,U0071,1496927.0,265119.5,conservative,36271.36,buy,SZSE,774976,2026-01-05 10:24:00,81,8100,24.5801,199098.81,0.377793,0.143144,0.143144,808923.75,0.080055,0.13300502,0.02423055,0.15723557,0.0100133,0,1,0,medium,0,10
S000522,U0165,958290.0,352038.53,aggressive,72507.61,buy,SZSE,767126,2026-01-05 10:03:00,60,6000,56.6471,339882.6,0.105372,0.1125,0.1125,76017.02,0.05757,0.35467614,0.07566353,0.43033968,0.0789297,1,0,0,medium,2,10
S000523,U0059,1206478.0,364850.87,moderate,163138.78,buy,SZSE,101877,2026-01-05 11:13:00,96,9600,27.1444,260586.24,0.505219,0.117396,0.117396,107866.11,0.08932,0.21598922,0.13521903,0.35120824,0.08899923,1,1,0,medium_high,1,11
S000524,U0083,763647.0,268334.63,moderate,2548.91,buy,SZSE,277343,2026-01-05 11:48:00,49,4900,53.9814,264508.86,0.117172,0.055197,0.055197,195032.57,0.076391,0.34637583,0.00333781,0.34971363,0.02512401,1,0,0,medium,1,11
S000525,U0060,1485150.0,99069.25,aggressive,113845.76,buy,SZSE,552503,2026-01-05 09:51:00,27,2700,26.3719,71204.13,0.305068,0.076558,0.076558,421362.14,0.047289,0.04794407,0.07665607,0.12460013,0.00640779,0,0,0,low,2,9
S000526,U0036,771774.0,184186.2,moderate,54264.08,buy,SSE,679855,2026-01-05 12:15:00,57,5700,26.5247,151190.79,0.21415,0.082138,0.082138,24249.17,0.095727,0.19590034,0.07031084,0.26621118,0.23505955,0,0,1,medium,1,12
S000527,U0076,853841.0,216629.4,conservative,48753.65,buy,SSE,605796,2026-01-05 12:28:00,46,4600,46.9001,215740.46,0.276829,0.207261,0.207261,147129.17,0.089802,0.25267053,0.05709921,0.30976975,0.03126504,1,1,0,medium_high,0,12
S000528,U0168,1705041.0,395515.09,conservative,147675.27,buy,SZSE,207632,2026-01-05 10:09:00,264,26400,11.4954,303478.56,0.144447,-0.006524,0.006524,1160956.51,0.043005,0.17798901,0.08661098,0.26459999,0.02273987,1,0,0,medium,0,10
S000529,U0030,318198.0,60432.06,aggressive,44715.94,buy,SZSE,208076,2026-01-05 11:43:00,8,800,60.4565,48365.2,0.30457,0.01164,0.01164,20729.7,0.074269,0.15199718,0.14052867,0.29252585,0.03859197,0,0,0,low,2,11
S000530,U0165,659592.0,171571.22,moderate,87167.53,buy,SZSE,076538,2026-01-05 11:52:00,353,35300,4.6591,164466.23,0.109078,0.061443,0.061443,572460.36,0.085116,0.2493454,0.13215372,0.38149912,0.06166366,1,0,0,medium,1,11
S000531,U0121,1483407.0,266580.71,moderate,45157.5,buy,SZSE,731035,2026-01-05 10:34:00,35,3500,59.795,209282.5,0.290183,0.062187,0.062187,39053.15,0.106689,0.14108232,0.03044175,0.17152406,0.08962145,0,0,0,low,1,10
S000532,U0049,1667165.0,155599.14,moderate,65535.94,buy,SZSE,549585,2026-01-05 10:36:00,23,2300,54.3232,124943.36,0.246291,-0.005751,0.005751,18659.43,0.058305,0.07494361,0.03930981,0.11425342,0.12326204,0,0,1,medium,1,10
S000533,U0168,1110330.0,79829.78,moderate,72190.68,buy,SZSE,853453,2026-01-05 10:27:00,9,900,60.604,54543.6,0.325787,0.139739,0.139739,12229.68,0.067907,0.04912377,0.06501732,0.1141411,0.07359147,0,0,0,low,1,10
S000534,U0037,1545834.0,202771.19,aggressive,125029.76,buy,SZSE,742219,2026-01-05 11:23:00,33,3300,48.2709,159293.97,0.275841,-0.273819,0.273819,108342.08,0.055362,0.10304727,0.08088175,0.18392902,0.03045908,0,1,0,medium,2,11
S000535,U0002,722188.0,566269.96,aggressive,15702.87,buy,SZSE,463520,2026-01-05 11:09:00,218,21800,17.7841,387693.38,0.126457,0.127838,0.127838,449727.43,0.054848,0.53683166,0.02174347,0.55857512,0.04847381,1,0,0,medium,2,11
S000536,U0090,860541.0,37434.7,conservative,5426.47,buy,SZSE,475131,2026-01-05 11:54:00,11,1100,31.2085,34329.35,0.276314,-0.079426,0.079426,30663.53,0.060832,0.03989275,0.00630588,0.04619863,0.03587324,0,0,0,low,0,11
S000537,U0125,645145.0,18923.56,conservative,47228.71,buy,SSE,627807,2026-01-05 11:55:00,4,400,39.5538,15821.52,0.339801,-0.124297,0.124297,12505.44,0.016043,0.02452398,0.07320634,0.09773032,0.03198608,0,0,0,low,0,11
S000538,U0117,871581.0,137677.72,conservative,75014.32,buy,SZSE,034884,2026-01-05 12:17:00,52,5200,17.7307,92199.64,0.591032,-0.207633,0.207633,85549.48,0.004627,0.10578436,0.08606695,0.19185131,0.06078354,0,1,0,medium,0,12
S000539,U0138,979584.0,27461.48,moderate,159926.32,buy,SZSE,563418,2026-01-05 11:14:00,10,1000,26.1072,26107.2,0.129731,-0.036788,0.036788,3935.0,0.078219,0.02665131,0.16325943,0.18991074,0.25412963,0,0,1,medium,1,11
S000540,U0113,591985.0,444199.82,moderate,1310.84,buy,SZSE,974739,2026-01-05 11:39:00,53,5300,59.4705,315193.65,0.28322,-0.11088,0.11088,68795.98,0.025129,0.5324352,0.00221431,0.5346495,0.07703938,1,0,0,medium,1,11
S000541,U0069,454968.0,79288.89,conservative,1144.97,buy,SZSE,744570,2026-01-05 10:10:00,10,1000,55.4348,55434.8,0.32116,0.115532,0.115532,15189.15,0.083081,0.12184329,0.00251659,0.12435988,0.06583645,0,0,0,low,0,10
S000542,U0059,1470945.0,234748.93,conservative,87150.75,buy,SZSE,752141,2026-01-05 12:21:00,34,3400,51.5973,175430.82,0.189851,-0.062716,0.062716,133089.99,0.045773,0.11926402,0.05924814,0.17851216,0.02554662,0,0,0,low,0,12
S000543,U0123,1321923.0,74813.64,moderate,43007.51,buy,SSE,662801,2026-01-05 11:09:00,12,1200,48.864,58636.8,0.253207,-0.133115,0.133115,5984.03,0.040009,0.0443572,0.03253405,0.07689125,0.20053386,0,0,1,medium,1,11
S000544,U0027,260989.0,11990.26,aggressive,44742.58,buy,SZSE,842152,2026-01-05 11:17:00,2,200,47.2791,9455.82,0.18005,-0.06713,0.06713,2114.31,0.094458,0.03623072,0.17143473,0.20766545,0.09459346,0,0,0,low,2,11
S000545,U0146,1331334.0,482155.73,moderate,129516.39,buy,SZSE,903012,2026-01-05 10:23:00,54,5400,69.1553,373438.62,0.185331,-0.210337,0.210337,492889.57,0.108629,0.28049957,0.09728317,0.37778274,0.0109558,1,1,0,medium_high,1,10
S000546,U0028,1809858.0,308717.94,moderate,235358.44,buy,SZSE,224396,2026-01-05 10:35:00,33,3300,64.9899,214466.67,0.633478,0.021201,0.021201,38691.85,0.051374,0.11849917,0.13004249,0.24854166,0.08528928,0,1,0,medium,1,10
S000547,U0144,1106576.0,234516.16,conservative,72320.66,buy,SSE,666359,2026-01-05 11:59:00,26,2600,62.304,161990.4,0.545928,-0.145331,0.145331,68925.63,0.078775,0.14638886,0.06535535,0.21174421,0.03772182,1,1,0,medium_high,0,11
S000548,U0062,363147.0,76320.87,aggressive,5237.97,buy,SZSE,203187,2026-01-05 11:51:00,14,1400,42.1723,59041.22,0.131298,0.098081,0.098081,23451.81,0.05047,0.16258215,0.01442382,0.17700597,0.05969688,0,0,0,low,2,11
S000549,U0112,742974.0,202837.36,moderate,33766.26,buy,SZSE,730136,2026-01-05 12:05:00,28,2800,54.037,151303.6,0.17754,-0.082379,0.082379,83121.47,0.114266,0.20364589,0.04544742,0.24909331,0.03368564,0,0,0,low,1,12
S000550,U0020,1197770.0,630548.91,aggressive,87729.51,buy,SZSE,055856,2026-01-05 11:38:00,102,10200,45.816,467323.2,0.121913,0.04512,0.04512,37057.18,0.032999,0.39016105,0.07324404,0.46340509,0.27525032,1,0,1,medium_high,2,11
S000551,U0075,875876.0,43118.6,moderate,61965.88,buy,SZSE,593482,2026-01-05 10:13:00,6,600,70.5623,42337.38,0.316979,-0.010966,0.010966,21057.56,0.022004,0.04833718,0.07074732,0.1190845,0.02849334,0,0,0,low,1,10
S000552,U0191,764111.0,52483.93,moderate,82419.62,buy,SZSE,715224,2026-01-05 09:47:00,8,800,55.1062,44084.96,0.140391,-0.010823,0.010823,11796.48,0.050155,0.05769444,0.10786342,0.16555786,0.06781682,0,0,0,low,1,9
S000553,U0015,882386.0,92929.08,moderate,46225.26,buy,SZSE,314165,2026-01-05 09:59:00,29,2900,22.2086,64404.94,0.468565,-0.167437,0.167437,72387.83,0.060592,0.07298953,0.05238667,0.1253762,0.04006198,0,1,0,medium,1,9
S000554,U0186,1261084.0,128257.19,moderate,35447.33,buy,SZSE,706795,2026-01-05 12:26:00,22,2200,56.3717,124017.74,0.265945,-0.01341,0.01341,335433.19,0.06406,0.09834217,0.02810862,0.1264508,0.00655868,0,0,0,low,1,12
S000555,U0048,964662.0,278438.85,moderate,132305.03,buy,SZSE,951287,2026-01-05 10:16:00,70,7000,35.2007,246404.9,0.605386,0.109061,0.109061,85374.15,0.061654,0.25543133,0.13715169,0.39258302,0.08199203,1,1,0,medium_high,1,10
S000556,U0164,1626488.0,521822.2,moderate,44585.36,buy,SZSE,045228,2026-01-05 12:08:00,557,55700,8.2842,461429.94,0.274075,0.191072,0.191072,4071751.93,0.102927,0.28369711,0.02741205,0.31110915,0.01367962,1,1,0,medium_high,1,12
S000557,U0165,474509.0,92904.57,aggressive,56883.69,buy,SZSE,345616,2026-01-05 10:55:00,11,1100,78.3492,86184.12,0.166871,-0.049587,0.049587,49482.67,0.0394,0.181628,0.11987905,0.30150705,0.02223,0,0,0,low,2,10
S000558,U0165,288139.0,25873.54,conservative,3905.52,buy,SZSE,934904,2026-01-05 09:34:00,3,300,61.9156,18574.68,0.293806,0.129636,0.129636,34442.57,0.050421,0.0644643,0.01355429,0.07801859,0.00871015,0,0,0,low,0,9
S000559,U0054,1668422.0,217906.14,conservative,78805.27,buy,SSE,619688,2026-01-05 10:48:00,106,10600,18.5087,196192.22,0.10508,-0.097097,0.097097,516046.31,0.08781,0.11759148,0.04723342,0.1648249,0.02054079,0,0,0,low,0,10
S000560,U0090,1223073.0,155469.41,conservative,89722.63,buy,SZSE,332777,2026-01-05 10:37:00,18,1800,73.4687,132243.66,0.59284,-0.09704,0.09704,9465.69,0.066682,0.10812409,0.07335836,0.18148245,0.19016056,0,1,1,medium_high,0,10
S000561,U0180,1778927.0,245776.89,moderate,91634.45,buy,SZSE,423187,2026-01-05 10:58:00,30,3000,72.1799,216539.7,0.187329,-0.095136,0.095136,50712.45,0.063371,0.12172489,0.05151108,0.17323597,0.05915708,0,0,0,low,1,10
S000562,U0026,1752838.0,353486.59,moderate,221956.49,buy,SZSE,437916,2026-01-05 10:24:00,298,29800,8.1913,244100.74,0.256075,-0.230247,0.230247,482277.68,0.107951,0.1392603,0.12662693,0.26588722,0.06179013,0,1,0,medium,1,10
S000563,U0103,1202225.0,386733.82,aggressive,61322.99,buy,SZSE,387143,2026-01-05 11:43:00,48,4800,57.7919,277401.12,0.21255,0.078238,0.078238,59512.73,0.018842,0.23073977,0.05100792,0.28174769,0.08065501,0,0,0,low,2,11
S000564,U0039,275939.0,22718.55,moderate,28171.24,buy,SZSE,310230,2026-01-05 12:21:00,3,300,70.2026,21060.78,0.134433,0.139376,0.139376,3274.91,0.103946,0.07632404,0.10209227,0.17841632,0.09160548,0,0,0,low,1,12
S000565,U0018,1714327.0,1290316.46,moderate,46114.03,buy,SZSE,439064,2026-01-05 10:38:00,300,30000,29.5841,887523.0,0.224368,-0.188576,0.188576,379332.78,0.021388,0.51770928,0.02689921,0.54460849,0.07908623,1,1,0,medium_high,1,10
S000566,U0118,1798390.0,809804.55,moderate,167214.9,buy,SSE,614903,2026-01-05 11:04:00,162,16200,46.6133,755135.46,0.193225,-0.065436,0.065436,186504.6,0.013171,0.41989527,0.09298033,0.5128756,0.08686113,1,0,0,medium,1,11
S000567,U0016,415039.0,8310.92,conservative,23594.54,buy,SZSE,208148,2026-01-05 12:11:00,2,200,41.1233,8224.66,0.503396,0.05195,0.05195,13330.82,0.040542,0.0198166,0.05684897,0.07666556,0.01500283,0,1,0,medium,0,12
S000568,U0022,1560872.0,379904.46,moderate,50635.01,buy,SZSE,104931,2026-01-05 11:27:00,217,21700,15.9217,345500.89,0.249906,0.130204,0.130204,150074.3,0.068082,0.2213512,0.0324402,0.2537914,0.14459505,0,0,1,medium,1,11
S000569,U0042,733731.0,282903.29,moderate,112900.82,buy,SZSE,363594,2026-01-05 12:19:00,43,4300,56.479,242859.7,0.47107,0.206125,0.206125,290047.51,0.093746,0.33099283,0.15387223,0.48486506,0.01482516,1,1,0,medium_high,1,12
S000570,U0152,1206954.0,81474.47,conservative,126635.93,buy,SZSE,554264,2026-01-05 11:35:00,12,1200,48.8794,58655.28,0.150187,-0.129657,0.129657,14355.24,0.043676,0.04859778,0.10492192,0.15351969,0.08359318,0,0,0,low,0,11
S000571,U0068,1531548.0,578724.08,moderate,221800.31,buy,SZSE,394326,2026-01-05 10:00:00,62,6200,68.5822,425209.64,0.531137,0.209308,0.209308,148089.66,0.013996,0.2776339,0.144821,0.4224549,0.04186653,1,1,0,medium_high,1,10
S000572,U0115,1825240.0,364167.36,moderate,128041.73,buy,SSE,689058,2026-01-05 12:11:00,255,25500,10.4341,266069.55,0.429425,0.00992,0.00992,382394.07,0.041336,0.14577236,0.07015062,0.21592299,0.06668514,0,1,0,medium,1,12
S000573,U0164,831838.0,170358.69,moderate,95321.26,buy,SZSE,490257,2026-01-05 12:23:00,20,2000,59.1902,118380.4,0.354003,0.033155,0.033155,29189.93,0.071087,0.14231184,0.11459113,0.25690298,0.06851678,0,1,0,medium,1,12
S000574,U0026,898100.0,25355.44,aggressive,42048.7,buy,SZSE,003479,2026-01-05 11:50:00,4,400,50.2163,20086.52,0.268884,-0.15563,0.15563,9004.85,0.048238,0.02236557,0.04681962,0.06918519,0.04442053,0,1,0,medium,2,11
S000575,U0144,1575432.0,1106379.94,moderate,43128.48,buy,SZSE,173613,2026-01-05 12:16:00,195,19500,37.9343,739718.85,0.337943,0.133454,0.133454,209664.84,0.081656,0.46953398,0.02737565,0.49690963,0.09300558,1,0,0,medium,1,12
S000576,U0011,552700.0,148696.66,aggressive,59565.94,buy,SSE,687376,2026-01-05 11:28:00,57,5700,25.6406,146151.42,0.10797,0.060934,0.060934,28025.84,0.061745,0.26443174,0.10777264,0.37220438,0.20338373,0,0,1,medium,2,11
S000577,U0101,1055312.0,209114.12,moderate,48225.32,buy,SZSE,930656,2026-01-05 09:56:00,45,4500,43.3414,195036.3,0.559273,0.188758,0.188758,23515.36,0.105009,0.18481387,0.04569769,0.23051157,0.19136432,0,1,1,medium_high,1,9
S000578,U0161,516313.0,11776.58,moderate,64192.85,buy,SZSE,779912,2026-01-05 12:25:00,3,300,35.8117,10743.51,0.149577,0.107998,0.107998,3719.07,0.050401,0.02080813,0.12432933,0.14513746,0.08066539,0,0,0,low,1,12
S000579,U0135,925467.0,128612.07,moderate,139673.68,buy,SZSE,982380,2026-01-05 12:19:00,28,2800,42.8078,119861.84,0.158505,-0.20859,0.20859,30550.19,0.089017,0.12951498,0.15092238,0.28043736,0.09165245,0,1,0,medium,1,12
S000580,U0038,1289699.0,635030.55,aggressive,20432.97,buy,SZSE,029266,2026-01-05 11:32:00,88,8800,50.6054,445327.52,0.259597,0.079873,0.079873,158715.62,0.053411,0.3452957,0.01584321,0.36113891,0.05544508,0,0,0,low,2,11
S000581,U0046,254990.0,54854.78,moderate,19427.88,buy,SZSE,247262,2026-01-05 10:37:00,27,2700,14.7936,39942.72,0.10998,0.016821,0.016821,30524.58,0.040924,0.15664426,0.07619075,0.23283501,0.08845329,0,0,0,low,1,10
S000582,U0174,791068.0,199593.17,moderate,49509.35,buy,SZSE,860309,2026-01-05 11:03:00,27,2700,71.8215,193918.05,0.10022,-0.047972,0.047972,49863.88,0.085266,0.24513449,0.06258545,0.30771994,0.05414741,1,0,0,medium,1,11
S000583,U0107,1213503.0,611948.73,moderate,41748.28,buy,SZSE,760760,2026-01-05 10:10:00,74,7400,66.932,495296.8,0.131607,-0.040382,0.040382,265649.37,0.051497,0.40815457,0.03440312,0.44255769,0.02785627,1,0,0,medium,1,10
S000584,U0108,530666.0,288175.94,moderate,62493.3,buy,SZSE,522810,2026-01-05 10:37:00,32,3200,65.1091,208349.12,0.161396,-0.134501,0.134501,69466.99,0.026166,0.39261818,0.1177639,0.51038208,0.04606504,1,0,0,medium,1,10
S000585,U0159,1505778.0,65381.02,moderate,143764.11,buy,SZSE,706009,2026-01-05 10:36:00,11,1100,41.4137,45555.07,0.639654,-0.073103,0.073103,12511.55,0.011575,0.03025351,0.09547497,0.12572848,0.08791877,0,1,0,medium,1,10
S000586,U0091,226001.0,126783.9,moderate,17790.01,buy,SZSE,858285,2026-01-05 09:33:00,34,3400,28.7485,97744.9,0.439818,0.199283,0.199283,37226.6,0.101486,0.43249764,0.07871651,0.51121415,0.09133255,1,1,0,medium_high,1,9
S000587,U0180,721102.0,303895.62,moderate,34175.17,buy,SZSE,987856,2026-01-05 12:16:00,40,4000,65.1135,260454.0,0.229399,0.100406,0.100406,69674.5,0.116512,0.36118885,0.04739297,0.40858182,0.05740981,1,0,0,medium,1,12
S000588,U0177,960446.0,19252.11,aggressive,57514.14,buy,SZSE,043732,2026-01-05 10:57:00,2,200,70.0835,14016.7,0.125846,0.044954,0.044954,2597.09,0.113505,0.01459395,0.05988274,0.07447669,0.07700931,0,0,0,low,2,10
S000589,U0198,1566601.0,390180.26,moderate,27719.59,buy,SSE,645385,2026-01-05 10:26:00,104,10400,27.922,290388.8,0.315974,-0.160109,0.160109,363862.65,0.016662,0.18536232,0.0176941,0.20305642,0.02858221,0,1,0,medium,1,10
S000590,U0194,1984077.0,22645.05,conservative,48279.39,buy,SZSE,527805,2026-01-05 11:19:00,4,400,50.169,20067.6,0.221007,-0.133946,0.133946,5121.46,0.017985,0.01011433,0.02433342,0.03444775,0.07810274,0,0,0,low,0,11
S000591,U0042,600938.0,67783.42,moderate,55377.68,buy,SZSE,785779,2026-01-05 11:50:00,45,4500,14.0488,63219.6,0.187465,0.005084,0.005084,651032.0,0.098428,0.10520153,0.09215206,0.1973536,0.0069121,0,0,0,low,1,11
S000592,U0027,830162.0,524305.57,moderate,9109.68,buy,SZSE,072488,2026-01-05 10:03:00,53,5300,79.7508,422679.24,0.209069,0.090888,0.090888,100078.33,0.078246,0.50915272,0.01097338,0.5201261,0.05295852,1,0,0,medium,1,10
S000593,U0014,880937.0,430480.24,moderate,80517.32,buy,SZSE,921989,2026-01-05 11:20:00,79,7900,45.8694,362368.26,0.258617,-0.017661,0.017661,127420.91,0.112607,0.41134413,0.09139964,0.50274377,0.06199924,1,0,0,medium,1,11
S000594,U0084,1778853.0,339701.25,moderate,164200.01,buy,SZSE,271165,2026-01-05 09:37:00,43,4300,74.2221,319155.03,0.158522,-0.034551,0.034551,16460.49,0.101539,0.17941619,0.09230668,0.27172287,0.26123154,0,0,1,medium,1,9
S000595,U0035,1890204.0,367695.55,moderate,154961.3,buy,SZSE,513199,2026-01-05 09:41:00,62,6200,54.8449,340038.38,0.403246,-0.087535,0.087535,423964.91,0.027004,0.17989507,0.08198126,0.26187633,0.01462385,0,1,0,medium,1,9
S000596,U0097,1000669.0,77692.53,aggressive,89139.97,buy,SZSE,396734,2026-01-05 12:03:00,9,900,64.8451,58360.59,0.306348,-0.133553,0.133553,44050.46,0.08029,0.05832157,0.08908038,0.14740195,0.02043112,0,0,0,low,2,12
S000597,U0199,1751416.0,951251.48,aggressive,246163.94,buy,SZSE,259166,2026-01-05 10:00:00,300,30000,22.6573,679719.0,0.197718,0.037305,0.037305,291116.02,0.090349,0.38809683,0.14055138,0.52864821,0.1030517,1,0,1,medium_high,2,10
S000598,U0198,710110.0,62050.51,conservative,24757.34,buy,SSE,632518,2026-01-05 10:32:00,17,1700,34.2346,58198.82,0.245642,0.034822,0.034822,44756.31,0.105942,0.08195747,0.0348641,0.11682157,0.03798347,0,0,0,low,0,10
S000599,U0079,1727607.0,102609.88,conservative,188466.19,buy,SZSE,441135,2026-01-05 12:18:00,15,1500,60.1525,90228.75,0.220338,0.113562,0.113562,9342.61,0.095681,0.05222759,0.10909089,0.16131848,0.16055471,0,0,1,medium,0,12
S000600,U0144,587925.0,230313.47,moderate,67090.8,buy,SSE,691557,2026-01-05 10:58:00,40,4000,52.3264,209305.6,0.307255,-0.213985,0.213985,19351.93,0.037275,0.35600731,0.11411455,0.47012187,0.20669774,1,1,1,high,1,10
